,FL1-H,FL3-H,SSC-H,FSC-H
0,12141.0,763.0,1716.0,6801.0
1,55245.0,6047.0,3513.0,9879.0
2,24943.0,1719.0,2786.0,7414.0
3,7387.0,665.0,464.0,6796.0
4,45974.0,3588.0,3241.0,18653.0
5,5383.0,565.0,1045.0,12559.0
6,4186.0,658.0,1781.0,10038.0
7,31031.0,699.0,2404.0,10754.0
8,3678.0,681.0,1314.0,6501.0
9,4298.0,524.0,1016.0,8091.0
10,4111.0,1262.0,156.0,7350.0
11,10020.0,1058.0,2156.0,13708.0
12,3302.0,562.0,1566.0,2131.0
13,2762.0,1330.0,15382.0,30117.0
14,34410.0,2517.0,1938.0,11159.0
15,3840.0,283.0,3334.0,8077.0
16,5884.0,945.0,719.0,5290.0
17,2695.0,1100.0,1776.0,5452.0
18,23059.0,1514.0,1971.0,14670.0
19,17735.0,2731.0,2362.0,17042.0
20,21201.0,1503.0,1504.0,5553.0
21,11355.0,390.0,3371.0,5554.0
22,21494.0,3295.0,2697.0,11536.0
23,4022.0,471.0,1703.0,3429.0
24,3564.0,775.0,-0.0,3254.0
25,7542.0,651.0,1434.0,1980.0
26,14631.0,1266.0,538.0,9195.0
27,2819.0,922.0,1931.0,3854.0
28,3183.0,732.0,2618.0,13434.0
29,3599.0,650.0,2804.0,6645.0
30,5525.0,698.0,2185.0,10802.0
31,16107.0,794.0,1455.0,2525.0
32,3628.0,572.0,1931.0,4092.0
33,4442.0,691.0,1670.0,15670.0
34,12387.0,734.0,1902.0,4403.0
35,10634.0,1137.0,688.0,7117.0
36,14473.0,1011.0,417.0,6014.0
37,8394.0,512.0,2267.0,11003.0
38,4857.0,1039.0,1080.0,10937.0
39,13338.0,1259.0,1273.0,6071.0
40,2961.0,414.0,2876.0,5465.0
41,3243.0,70.0,364.0,5102.0
42,21800.0,2442.0,1088.0,12336.0
43,18035.0,1921.0,3577.0,13509.0
44,4081.0,886.0,247.0,7638.0
45,5458.0,780.0,1010.0,6329.0
46,3275.0,381.0,296.0,9395.0
47,2728.0,532.0,1307.0,4772.0
48,23529.0,2994.0,2754.0,5757.0
49,38552.0,3924.0,1254.0,12077.0
50,2767.0,758.0,1380.0,9689.0
51,5143.0,1232.0,309.0,4215.0
52,3377.0,1952.0,13233.0,14553.0
53,7370.0,1466.0,3178.0,9571.0
54,15239.0,1644.0,1739.0,3225.0
55,13415.0,2494.0,1311.0,2818.0
56,4114.0,517.0,2358.0,13231.0
57,5437.0,1112.0,1421.0,11412.0
58,3383.0,1692.0,846.0,12111.0
59,4583.0,520.0,1291.0,6127.0
60,3800.0,1031.0,3376.0,11782.0
61,6400.0,709.0,4680.0,11691.0
62,6440.0,449.0,3001.0,8504.0
63,28194.0,2989.0,2692.0,6244.0
64,3478.0,1295.0,-0.0,1708.0
65,8770.0,1336.0,1877.0,6498.0
66,56023.0,4401.0,1742.0,5077.0
67,4082.0,614.0,3112.0,3579.0
68,5595.0,1146.0,2347.0,3397.0
69,10303.0,1849.0,3044.0,9132.0
70,8003.0,1088.0,2133.0,10398.0
71,23479.0,1888.0,2585.0,10736.0
72,4052.0,618.0,2548.0,10262.0
73,5544.0,696.0,2114.0,9838.0
74,35127.0,2404.0,3243.0,19686.0
75,27267.0,2201.0,1155.0,6638.0
76,2944.0,296.0,1578.0,11563.0
77,2629.0,707.0,1579.0,7893.0
78,13546.0,1584.0,4644.0,14387.0
79,2594.0,346.0,1012.0,1184.0
80,4737.0,1446.0,1742.0,975.0
81,12714.0,975.0,4489.0,11255.0
82,20560.0,2092.0,3221.0,5403.0
83,25056.0,2148.0,1996.0,4758.0
84,2835.0,328.0,2058.0,4010.0
85,15685.0,2106.0,3292.0,14745.0
86,8098.0,1001.0,17.0,16538.0
87,23925.0,1789.0,2724.0,13199.0
88,4829.0,563.0,3318.0,4878.0
89,2846.0,206.0,3016.0,12642.0
90,4579.0,170.0,1692.0,6494.0
91,6129.0,454.0,1310.0,6079.0
92,162480.0,77123.0,25916.0,141445.0
93,3626.0,1007.0,2768.0,4469.0
94,5176.0,1055.0,1209.0,7865.0
95,4624.0,701.0,2843.0,10240.0
96,23619.0,2042.0,3290.0,12133.0
97,3250.0,771.0,2519.0,10632.0
98,4863.0,992.0,2959.0,10266.0
99,9748.0,730.0,1114.0,8759.0
100,8122.0,1243.0,2219.0,9365.0
101,11738.0,2499.0,1990.0,9477.0
102,2646.0,436.0,23407.0,17962.0
103,3627.0,337.0,685.0,5291.0
104,5389.0,734.0,2569.0,12334.0
105,3467.0,300.0,361.0,6536.0
106,5803.0,1481.0,575.0,-0.0
107,6454.0,1482.0,3666.0,13663.0
108,22689.0,2188.0,2276.0,16132.0
109,70232.0,10807.0,4271.0,17340.0
110,2698.0,558.0,1892.0,10388.0
111,19304.0,1828.0,2708.0,4871.0
112,4207.0,86.0,2933.0,5965.0
113,4114.0,1202.0,2538.0,7821.0
114,2974.0,488.0,2161.0,7107.0
115,34263.0,2839.0,2751.0,15327.0
116,3176.0,367.0,162.0,9778.0
117,5226.0,999.0,2431.0,5131.0
118,2747.0,18.0,1292.0,6196.0
119,24254.0,2670.0,3529.0,8543.0
120,5282.0,969.0,1522.0,2593.0
121,13205.0,1260.0,3207.0,7437.0
122,4230.0,859.0,863.0,7198.0
123,4773.0,903.0,1720.0,7765.0
124,2949.0,828.0,2923.0,8436.0
125,25388.0,3939.0,2959.0,14980.0
126,26776.0,1529.0,1864.0,10735.0
127,5411.0,475.0,1591.0,1708.0
128,3164.0,724.0,2020.0,3744.0
129,26692.0,3230.0,2858.0,12046.0
130,20412.0,1578.0,1420.0,4786.0
131,4059.0,986.0,2117.0,8702.0
132,2467.0,199.0,-0.0,10306.0
133,17529.0,1566.0,1604.0,7216.0
134,33202.0,10767.0,21444.0,75974.0
135,30252.0,5609.0,2480.0,14566.0
136,4354.0,970.0,3658.0,7737.0
137,39659.0,1212.0,3133.0,11730.0
138,3168.0,214.0,1030.0,8859.0
139,23160.0,1296.0,1670.0,9966.0
140,7744.0,934.0,278.0,4726.0
141,3481.0,205.0,542.0,483.0
142,17862.0,1814.0,2161.0,8229.0
143,3993.0,561.0,700.0,2576.0
144,6769.0,1576.0,806.0,4174.0
145,3136.0,747.0,699.0,6341.0
146,17628.0,11714.0,13017.0,60997.0
147,8805.0,870.0,2827.0,6821.0
148,2961.0,253.0,2834.0,3207.0
149,7340.0,1132.0,799.0,11046.0
150,23441.0,2767.0,3256.0,4638.0
151,37382.0,3584.0,288.0,2201.0
152,4351.0,1399.0,2921.0,11885.0
153,5746.0,819.0,4257.0,12369.0
154,12561.0,1393.0,1492.0,4181.0
155,4769.0,518.0,248.0,9143.0
156,6685.0,1091.0,872.0,3720.0
157,4775.0,1155.0,2755.0,18179.0
158,3486.0,1048.0,2786.0,11215.0
159,23165.0,2227.0,949.0,2792.0
160,18869.0,1256.0,2997.0,7991.0
161,5831.0,1741.0,11294.0,71356.0
162,12384.0,2221.0,1689.0,20035.0
163,37367.0,3076.0,1598.0,6998.0
164,16839.0,1637.0,2707.0,7665.0
165,4034.0,1313.0,2494.0,3556.0
166,5354.0,315.0,2283.0,10238.0
167,31852.0,1833.0,1882.0,5162.0
168,13521.0,1711.0,3317.0,8305.0
169,11445.0,1804.0,345.0,5044.0
170,3148.0,252.0,1741.0,1506.0
171,17445.0,1566.0,395.0,3350.0
172,18644.0,1730.0,2887.0,9654.0
173,17180.0,3121.0,3493.0,12145.0
174,21019.0,1096.0,2094.0,8646.0
175,8471.0,1194.0,1094.0,2757.0
176,6002.0,635.0,1727.0,14494.0
177,3355.0,466.0,-0.0,1423.0
178,17073.0,6891.0,8905.0,23365.0
179,5113.0,591.0,2373.0,9104.0
180,2732.0,460.0,81.0,4209.0
181,20184.0,2376.0,3222.0,6229.0
182,5042.0,1270.0,1116.0,5197.0
183,13313.0,1907.0,1952.0,14680.0
184,28771.0,1739.0,2107.0,3681.0
185,4873.0,1299.0,2371.0,9947.0
186,25646.0,3503.0,7540.0,9717.0
187,12787.0,1435.0,1585.0,9802.0
188,3761.0,336.0,3084.0,4941.0
189,14337.0,1296.0,1052.0,7348.0
190,18865.0,2097.0,2245.0,7033.0
191,6077.0,812.0,1207.0,10406.0
192,2779.0,765.0,1857.0,8706.0
193,6041.0,1219.0,865.0,4682.0
194,2515.0,610.0,1641.0,13602.0
195,3833.0,548.0,3030.0,8981.0
196,3011.0,597.0,3058.0,13298.0
197,7668.0,873.0,1905.0,9181.0
198,3525.0,258.0,622.0,2414.0
199,4618.0,1348.0,2166.0,15116.0
200,3128.0,365.0,1163.0,11487.0
201,11489.0,1395.0,2164.0,11869.0
202,14976.0,1815.0,3350.0,15343.0
203,20507.0,3153.0,3324.0,20485.0
204,9859.0,973.0,72.0,4658.0
205,39838.0,3058.0,2331.0,5692.0
206,39534.0,3285.0,1002.0,16363.0
207,3292.0,484.0,533.0,7191.0
208,4696.0,807.0,2706.0,9753.0
209,2851.0,598.0,2193.0,10151.0
210,11233.0,2157.0,2119.0,10370.0
211,4301.0,1161.0,612.0,9281.0
212,5987.0,421.0,298.0,4843.0
213,16319.0,2263.0,1659.0,11903.0
214,35572.0,24352.0,75818.0,198186.0
215,7412.0,1118.0,1731.0,12696.0
216,5623.0,1239.0,2466.0,12266.0
217,20960.0,1734.0,1749.0,6125.0
218,9098.0,4476.0,9079.0,30702.0
219,4373.0,1225.0,1471.0,-0.0
220,4108.0,738.0,844.0,6795.0
221,5793.0,372.0,611.0,5518.0
222,3094.0,491.0,712.0,6979.0
223,8010.0,570.0,2133.0,7305.0
224,33996.0,2922.0,2882.0,9021.0
225,11048.0,1225.0,2137.0,9983.0
226,41215.0,3670.0,3038.0,10119.0
227,4530.0,519.0,1887.0,7289.0
228,3829.0,107.0,1808.0,3410.0
229,23518.0,1841.0,2418.0,2637.0
230,3472.0,1100.0,1657.0,9506.0
231,4759.0,518.0,1421.0,6182.0
232,3156.0,336.0,1574.0,6323.0
233,12507.0,479.0,8588.0,15119.0
234,26007.0,3948.0,3097.0,12100.0
235,14358.0,1199.0,1918.0,5032.0
236,2950.0,412.0,2407.0,13059.0
237,3637.0,226.0,511.0,10169.0
238,7819.0,996.0,289.0,11274.0
239,12861.0,1439.0,3145.0,12303.0
240,9881.0,1618.0,2526.0,12629.0
241,22389.0,1975.0,1683.0,3129.0
242,12124.0,1040.0,3057.0,16161.0
243,9807.0,2004.0,1978.0,9863.0
244,5416.0,493.0,2602.0,9677.0
245,7915.0,1107.0,1833.0,5954.0
246,2729.0,295.0,-0.0,4036.0
247,14480.0,748.0,2021.0,8453.0
248,23788.0,1068.0,1072.0,6460.0
249,2580.0,517.0,4539.0,14464.0
250,4228.0,590.0,3258.0,5943.0
251,23083.0,1677.0,988.0,10771.0
252,10702.0,738.0,614.0,5952.0
253,3764.0,676.0,3746.0,13007.0
254,8919.0,1465.0,1139.0,5798.0
255,19926.0,4572.0,2936.0,8245.0
256,4350.0,944.0,1911.0,9721.0
257,3381.0,140.0,63.0,635.0
258,8691.0,1057.0,2030.0,5533.0
259,2473.0,689.0,2711.0,4723.0
260,3449.0,871.0,2160.0,14318.0
261,4169.0,692.0,1063.0,2275.0
262,34226.0,3988.0,5217.0,11400.0
263,5874.0,1073.0,2805.0,7105.0
264,25658.0,1740.0,1679.0,10989.0
265,2609.0,641.0,1878.0,5942.0
266,305665.0,112866.0,23001.0,327466.0
267,3518.0,1176.0,2411.0,19267.0
268,8286.0,1202.0,2132.0,7801.0
269,2743.0,421.0,-0.0,4419.0
270,4711.0,1190.0,334.0,8001.0
271,3813.0,400.0,1062.0,8630.0
272,14040.0,2655.0,2098.0,6190.0
273,4144.0,1278.0,4013.0,-0.0
274,24647.0,1368.0,2612.0,11360.0
275,34614.0,1992.0,2445.0,9249.0
276,49497.0,4134.0,3671.0,6760.0
277,3533.0,1221.0,2566.0,14293.0
278,8826.0,776.0,2615.0,3807.0
279,3040.0,530.0,779.0,5324.0
280,26586.0,2889.0,1800.0,6855.0
281,6465.0,294.0,3594.0,18239.0
282,4108.0,1096.0,1520.0,3437.0
283,2570.0,332.0,1044.0,10533.0
284,3797.0,1123.0,2371.0,3408.0
285,45711.0,3616.0,2664.0,8866.0
286,5518.0,992.0,3897.0,10462.0
287,6587.0,4058.0,3316.0,11326.0
288,2983.0,1261.0,1561.0,5012.0
289,5377.0,605.0,1272.0,6255.0
290,4339.0,493.0,188.0,8171.0
291,4115.0,689.0,1171.0,7068.0
292,6992.0,610.0,1914.0,19476.0
293,3057.0,598.0,1370.0,9288.0
294,4694.0,1402.0,14376.0,10043.0
295,10193.0,1111.0,2519.0,9310.0
296,19084.0,2003.0,2471.0,3309.0
297,32612.0,3325.0,2675.0,10030.0
298,3412.0,612.0,29.0,5635.0
299,7558.0,320.0,650.0,4881.0
300,4034.0,1154.0,1424.0,11120.0
301,18902.0,2164.0,1469.0,13403.0
302,2533.0,625.0,813.0,9417.0
303,4853.0,1419.0,3691.0,12512.0
304,21870.0,1299.0,1130.0,12771.0
305,29372.0,3307.0,1846.0,11219.0
306,23024.0,1997.0,1057.0,8959.0
307,13023.0,1353.0,1897.0,4018.0
308,8618.0,279.0,2191.0,6441.0
309,2503.0,142.0,1846.0,11237.0
310,48065.0,3603.0,2235.0,6687.0
311,8489.0,808.0,2861.0,5507.0
312,2484.0,100.0,1560.0,7140.0
313,10317.0,1909.0,2075.0,15368.0
314,5080.0,591.0,1021.0,6627.0
315,9107.0,1336.0,3913.0,7105.0
316,32822.0,2135.0,1881.0,9646.0
317,3581.0,699.0,2775.0,13129.0
318,38211.0,4946.0,3258.0,8778.0
319,26899.0,2087.0,2890.0,6592.0
320,5615.0,592.0,3776.0,12410.0
321,5425.0,1416.0,2107.0,10989.0
322,10662.0,821.0,1823.0,10618.0
323,14514.0,1163.0,2030.0,9087.0
324,5432.0,973.0,1771.0,11797.0
325,3136.0,766.0,1685.0,14549.0
326,3173.0,237.0,605.0,3077.0
327,3722.0,230.0,2322.0,7867.0
328,4224.0,1633.0,853.0,1213.0
329,2615.0,181.0,1547.0,5845.0
330,3209.0,334.0,2140.0,6309.0
331,17876.0,871.0,1137.0,12510.0
332,38655.0,3355.0,1604.0,10973.0
333,3072.0,238.0,1630.0,7150.0
334,23411.0,2112.0,2160.0,5803.0
335,17230.0,1641.0,2478.0,9978.0
336,2880.0,1121.0,198.0,4579.0
337,23016.0,3023.0,2183.0,11853.0
338,11132.0,1608.0,2936.0,10337.0
339,4194.0,800.0,2567.0,14220.0
340,4255.0,365.0,2047.0,5116.0
341,2737.0,696.0,2836.0,7168.0
342,19240.0,3970.0,8072.0,17697.0
343,6655.0,1275.0,3960.0,13011.0
344,41506.0,3040.0,1946.0,6466.0
345,2537.0,1121.0,1919.0,12202.0
346,4992.0,449.0,1569.0,9605.0
347,2678.0,1478.0,1950.0,7952.0
348,5222.0,262.0,1749.0,10340.0
349,4789.0,1736.0,2370.0,11341.0
350,24695.0,2408.0,1441.0,5386.0
351,23168.0,1641.0,2810.0,19431.0
352,2893.0,474.0,700.0,6762.0
353,3813.0,1015.0,2195.0,10653.0
354,5217.0,741.0,1301.0,8035.0
355,4367.0,988.0,1294.0,15045.0
356,3743.0,599.0,-0.0,3225.0
357,4066.0,439.0,1824.0,4815.0
358,7162.0,650.0,1968.0,13928.0
359,10792.0,950.0,1218.0,4527.0
360,3029.0,315.0,2084.0,4293.0
361,2617.0,174.0,2883.0,4966.0
362,4073.0,468.0,2030.0,2188.0
363,2842.0,462.0,2842.0,5797.0
364,10813.0,1402.0,2480.0,9945.0
365,27965.0,2456.0,2439.0,8086.0
366,10593.0,800.0,2542.0,3485.0
367,5890.0,605.0,3621.0,15761.0
368,2508.0,633.0,568.0,2086.0
369,3677.0,476.0,53.0,8508.0
370,24492.0,1970.0,2223.0,8655.0
371,23758.0,13120.0,6922.0,35009.0
372,44418.0,4526.0,1215.0,12714.0
373,4233.0,523.0,2300.0,6829.0
374,6884.0,2074.0,2252.0,7554.0
375,3714.0,682.0,285.0,8760.0
376,14279.0,2194.0,1548.0,7975.0
377,19012.0,2205.0,4203.0,19305.0
378,4775.0,695.0,1991.0,2084.0
379,23086.0,1956.0,1940.0,8665.0
380,3762.0,758.0,621.0,6618.0
381,3089.0,518.0,1181.0,6094.0
382,5737.0,1150.0,2970.0,4838.0
383,7623.0,1907.0,2283.0,13376.0
384,4171.0,345.0,1897.0,5671.0
385,4598.0,558.0,3348.0,17139.0
386,5988.0,637.0,2861.0,7633.0
387,14244.0,2647.0,3063.0,15003.0
388,11036.0,1559.0,2703.0,14119.0
389,6263.0,1223.0,3268.0,3510.0
390,3713.0,335.0,1540.0,8435.0
391,7643.0,675.0,1230.0,8354.0
392,21891.0,1403.0,1077.0,10344.0
393,4370.0,136.0,1796.0,13687.0
394,5147.0,999.0,2297.0,1324.0
395,13896.0,2518.0,2493.0,11131.0
396,14586.0,2185.0,2109.0,4824.0
397,7308.0,619.0,2437.0,9655.0
398,3476.0,476.0,3412.0,8926.0
399,9890.0,1356.0,4289.0,9776.0
400,23023.0,1156.0,3468.0,10858.0
401,9520.0,1098.0,5363.0,11275.0
402,15412.0,1727.0,2117.0,7939.0
403,3394.0,336.0,699.0,9103.0
404,4871.0,729.0,2409.0,9113.0
405,5941.0,375.0,1781.0,13224.0
406,9233.0,1613.0,1417.0,8081.0
407,6271.0,1124.0,1476.0,11826.0
408,19377.0,1832.0,1957.0,13998.0
409,61522.0,9206.0,8729.0,39468.0
410,4214.0,174.0,4709.0,9904.0
411,2919.0,963.0,2952.0,7831.0
412,2622.0,908.0,-0.0,1931.0
413,23763.0,1834.0,1387.0,5988.0
414,3384.0,765.0,1610.0,5724.0
415,13327.0,1287.0,1789.0,10154.0
416,5633.0,1202.0,5410.0,7215.0
417,7219.0,1355.0,2852.0,5017.0
418,8892.0,1238.0,2123.0,5484.0
419,23255.0,1101.0,2530.0,14433.0
420,4402.0,309.0,1998.0,8467.0
421,8349.0,1059.0,2925.0,7259.0
422,11557.0,1088.0,2486.0,9353.0
423,2703.0,409.0,1653.0,5366.0
424,4768.0,1192.0,3408.0,7500.0
425,4095.0,641.0,1770.0,9295.0
426,35237.0,4455.0,3162.0,11955.0
427,3559.0,421.0,2594.0,13968.0
428,2625.0,865.0,1787.0,3248.0
429,4423.0,128.0,1607.0,9158.0
430,4770.0,517.0,2806.0,16214.0
431,10013.0,1801.0,3677.0,16340.0
432,12644.0,1173.0,2779.0,6622.0
433,19291.0,1259.0,1398.0,9642.0
434,3402.0,543.0,2900.0,10218.0
435,4394.0,591.0,1386.0,204.0
436,20538.0,2262.0,3674.0,13355.0
437,6901.0,527.0,1044.0,12448.0
438,4711.0,715.0,2357.0,10689.0
439,6844.0,537.0,1639.0,7120.0
440,9593.0,1886.0,1222.0,4901.0
441,46558.0,6044.0,4466.0,8277.0
442,2587.0,78.0,1213.0,10680.0
443,3403.0,599.0,4251.0,1434.0
444,22299.0,11034.0,16852.0,34618.0
445,40694.0,2599.0,1705.0,13075.0
446,7394.0,1783.0,2470.0,1301.0
447,5161.0,1362.0,2322.0,9051.0
448,12249.0,1152.0,1449.0,5352.0
449,4842.0,662.0,4173.0,7278.0
450,2921.0,1005.0,1829.0,12290.0
451,3110.0,1847.0,2502.0,7455.0
452,2703.0,387.0,647.0,7320.0
453,31786.0,1753.0,2984.0,8361.0
454,5363.0,795.0,2969.0,5765.0
455,6838.0,932.0,1814.0,5390.0
456,2465.0,108.0,2020.0,11001.0
457,13265.0,1222.0,3080.0,6281.0
458,4069.0,1979.0,2778.0,11308.0
459,5142.0,317.0,1713.0,7079.0
460,2815.0,1022.0,1484.0,-0.0
461,3403.0,698.0,1769.0,3459.0
462,3481.0,1384.0,3056.0,9792.0
463,30974.0,2547.0,5183.0,15277.0
464,22003.0,1508.0,1709.0,6326.0
465,47304.0,3739.0,1803.0,5631.0
466,19967.0,875.0,1730.0,5025.0
467,41214.0,3714.0,3070.0,7984.0
468,4197.0,1011.0,1780.0,-0.0
469,2634.0,1193.0,2150.0,11536.0
470,3387.0,361.0,3484.0,4903.0
471,49917.0,4031.0,7003.0,7166.0
472,8998.0,722.0,3867.0,13702.0
473,4132.0,436.0,1910.0,7786.0
474,8240.0,494.0,1710.0,941.0
475,5379.0,1103.0,3215.0,14798.0
476,4981.0,830.0,3428.0,19833.0
477,12507.0,1344.0,2678.0,8711.0
478,31613.0,2021.0,1673.0,7877.0
479,13462.0,1725.0,12498.0,16370.0
480,3400.0,74.0,2250.0,8125.0
481,10697.0,1933.0,16742.0,9939.0
482,5231.0,1512.0,1204.0,8149.0
483,17122.0,1361.0,1969.0,4781.0
484,7658.0,588.0,1162.0,8671.0
485,54026.0,4271.0,1635.0,6265.0
486,2911.0,253.0,936.0,6673.0
487,2828.0,138.0,-0.0,11502.0
488,3499.0,967.0,1923.0,15604.0
489,25861.0,1756.0,3919.0,8888.0
490,3812.0,677.0,1647.0,5176.0
491,6392.0,1522.0,3326.0,17418.0
492,8649.0,1186.0,2480.0,8565.0
493,7739.0,614.0,686.0,12872.0
494,32735.0,2397.0,3067.0,19699.0
495,23089.0,6056.0,5189.0,20383.0
496,7226.0,824.0,1589.0,6040.0
497,9593.0,1306.0,2951.0,6091.0
498,2642.0,724.0,2152.0,2946.0
499,7024.0,904.0,3882.0,7676.0
500,4882.0,855.0,620.0,10317.0
501,11921.0,1072.0,2193.0,3807.0
502,15699.0,1102.0,2632.0,11381.0
503,7768.0,660.0,373.0,4486.0
504,2646.0,235.0,1435.0,12490.0
505,3282.0,1059.0,992.0,6414.0
506,27175.0,2177.0,1002.0,6449.0
507,2488.0,548.0,2063.0,13070.0
508,47341.0,4142.0,2651.0,2636.0
509,6507.0,499.0,3070.0,10140.0
510,37452.0,2882.0,3294.0,12666.0
511,8902.0,605.0,3478.0,1430.0
512,5749.0,3545.0,19040.0,35308.0
513,25284.0,3049.0,3173.0,11876.0
514,3002.0,161.0,1715.0,3529.0
515,32691.0,3260.0,3172.0,14044.0
516,5356.0,760.0,2617.0,6950.0
517,88042.0,14960.0,5425.0,51738.0
518,6164.0,1031.0,4372.0,11965.0
519,10020.0,413.0,2355.0,7284.0
520,15584.0,2276.0,1247.0,10275.0
521,2605.0,910.0,1630.0,9644.0
522,17010.0,2108.0,1473.0,11704.0
523,5312.0,923.0,1833.0,7460.0
524,40850.0,3918.0,629.0,12116.0
525,34283.0,1342.0,1911.0,12188.0
526,2932.0,326.0,2268.0,15957.0
527,3308.0,197.0,881.0,6657.0
528,4163.0,1027.0,1313.0,9190.0
529,4761.0,766.0,2183.0,4551.0
530,2815.0,778.0,1914.0,4598.0
531,2795.0,804.0,1105.0,3046.0
532,6416.0,758.0,1633.0,18101.0
533,19519.0,4067.0,515.0,3870.0
534,7742.0,2332.0,2593.0,11248.0
535,6332.0,2176.0,2753.0,14982.0
536,5839.0,3538.0,64929.0,70524.0
537,29116.0,2930.0,2420.0,16692.0
538,4486.0,357.0,2815.0,4600.0
539,26921.0,2233.0,2905.0,5575.0
540,36681.0,1814.0,3812.0,10419.0
541,3335.0,506.0,1297.0,11284.0
542,5483.0,1059.0,1681.0,4202.0
543,6185.0,1132.0,3469.0,2524.0
544,22668.0,2851.0,478.0,10332.0
545,14504.0,2565.0,1705.0,6556.0
546,7974.0,1204.0,2058.0,10387.0
547,3293.0,619.0,2938.0,9399.0
548,4179.0,689.0,1405.0,6761.0
549,12083.0,1220.0,620.0,5320.0
550,31058.0,1983.0,1492.0,8844.0
551,12225.0,1260.0,4139.0,11537.0
552,3537.0,454.0,607.0,8191.0
553,2994.0,360.0,2064.0,5217.0
554,2722.0,66.0,432.0,6971.0
555,10403.0,1297.0,1819.0,11887.0
556,5432.0,467.0,2077.0,8484.0
557,2579.0,723.0,1072.0,-0.0
558,3939.0,1091.0,3532.0,11695.0
559,11014.0,1277.0,2098.0,9293.0
560,45867.0,3963.0,4575.0,7289.0
561,2576.0,535.0,2355.0,12958.0
562,4398.0,778.0,778.0,6807.0
563,3426.0,640.0,1426.0,1610.0
564,5430.0,1630.0,2393.0,7812.0
565,5534.0,906.0,1236.0,9205.0
566,3674.0,818.0,2612.0,13199.0
567,6316.0,886.0,2485.0,8054.0
568,12071.0,1851.0,3939.0,8619.0
569,22148.0,2865.0,3016.0,7478.0
570,6999.0,1126.0,699.0,13460.0
571,8199.0,1452.0,2026.0,8059.0
572,4188.0,418.0,932.0,3360.0
573,5771.0,538.0,516.0,10163.0
574,3640.0,1026.0,143.0,8876.0
575,6719.0,2527.0,3445.0,11963.0
576,23895.0,2018.0,1402.0,9078.0
577,7969.0,1706.0,2129.0,15250.0
578,20986.0,1622.0,3379.0,6634.0
579,12988.0,1404.0,1287.0,4420.0
580,3156.0,859.0,597.0,2996.0
581,16392.0,3010.0,2080.0,5395.0
582,45287.0,2657.0,1654.0,1391.0
583,4552.0,981.0,2244.0,4329.0
584,20576.0,2749.0,3200.0,6629.0
585,49055.0,6602.0,3952.0,5785.0
586,2785.0,1014.0,1556.0,9666.0
587,5842.0,2647.0,685.0,7126.0
588,13063.0,1147.0,1435.0,6571.0
589,2883.0,102.0,-0.0,2702.0
590,2983.0,1100.0,3685.0,8768.0
591,13202.0,1100.0,3377.0,10048.0
592,2482.0,511.0,655.0,6215.0
593,3065.0,535.0,1936.0,7409.0
594,10014.0,486.0,584.0,8150.0
595,3831.0,755.0,2452.0,8735.0
596,35038.0,2990.0,5094.0,6522.0
597,6075.0,743.0,1226.0,1737.0
598,10992.0,1843.0,2988.0,3762.0
599,4082.0,857.0,704.0,1872.0
600,32429.0,3904.0,1755.0,11916.0
601,28942.0,2614.0,2107.0,2697.0
602,6762.0,874.0,1812.0,7618.0
603,2558.0,394.0,2474.0,6037.0
604,2581.0,146.0,1067.0,1476.0
605,27645.0,2292.0,1491.0,4878.0
606,2720.0,722.0,1603.0,4371.0
607,21337.0,1348.0,2114.0,7904.0
608,53277.0,3814.0,3450.0,7203.0
609,7122.0,793.0,2571.0,8538.0
610,3846.0,662.0,1344.0,6357.0
611,9199.0,1096.0,971.0,13050.0
612,23667.0,2475.0,2538.0,8275.0
613,3891.0,1509.0,766.0,6213.0
614,9150.0,1494.0,-0.0,9750.0
615,4741.0,544.0,2494.0,-0.0
616,12488.0,1243.0,3261.0,7524.0
617,13554.0,1133.0,2095.0,6660.0
618,4233.0,1706.0,350.0,5869.0
619,4368.0,183.0,1036.0,5475.0
620,4617.0,1000.0,1199.0,6261.0
621,13394.0,1726.0,2921.0,12555.0
622,2951.0,1423.0,2214.0,7549.0
623,4944.0,1271.0,1680.0,6565.0
624,3555.0,265.0,2055.0,6413.0
625,11559.0,1011.0,941.0,11923.0
626,30001.0,2613.0,2690.0,8479.0
627,10633.0,647.0,2840.0,11778.0
628,35970.0,2962.0,2205.0,12552.0
629,40696.0,2486.0,4331.0,5479.0
630,7707.0,1228.0,3888.0,2353.0
631,3777.0,1273.0,4047.0,12771.0
632,3931.0,1083.0,1163.0,8856.0
633,5807.0,552.0,2614.0,12855.0
634,2490.0,1146.0,2061.0,14379.0
635,2466.0,260.0,1458.0,8910.0
636,4315.0,1128.0,3753.0,7332.0
637,25493.0,3095.0,2153.0,10172.0
638,32145.0,3060.0,2436.0,11505.0
639,3539.0,717.0,1137.0,16910.0
640,18211.0,2021.0,2131.0,15160.0
641,2769.0,920.0,2729.0,9464.0
642,4525.0,780.0,513.0,4666.0
643,6235.0,1166.0,1350.0,6768.0
644,4955.0,612.0,2397.0,1833.0
645,6325.0,2904.0,2299.0,8364.0
646,9555.0,1024.0,3558.0,3944.0
647,3437.0,243.0,2494.0,4256.0
648,27991.0,3814.0,5415.0,11486.0
649,11478.0,1617.0,995.0,8667.0
650,20632.0,2066.0,2310.0,9224.0
651,10565.0,730.0,1114.0,10167.0
652,18761.0,1225.0,2058.0,5492.0
653,3930.0,862.0,5742.0,10360.0
654,35359.0,3734.0,3125.0,7005.0
655,7890.0,1343.0,1712.0,9101.0
656,61028.0,8120.0,1574.0,21089.0
657,4218.0,1073.0,2742.0,9382.0
658,8718.0,1846.0,1652.0,11825.0
659,4537.0,772.0,2435.0,5772.0
660,6818.0,1624.0,2163.0,7897.0
661,6736.0,1247.0,3128.0,6910.0
662,4171.0,439.0,507.0,5926.0
663,3465.0,999.0,2907.0,6498.0
664,10386.0,2091.0,1831.0,11837.0
665,6449.0,1823.0,786.0,6457.0
666,22501.0,2826.0,2211.0,11473.0
667,6625.0,939.0,1308.0,8688.0
668,3115.0,1090.0,2368.0,12539.0
669,13264.0,1123.0,3058.0,7861.0
670,5028.0,786.0,1517.0,5425.0
671,23320.0,1557.0,875.0,8989.0
672,20723.0,2268.0,2078.0,12862.0
673,5851.0,1043.0,1639.0,5015.0
674,9278.0,1517.0,1155.0,10342.0
675,3567.0,817.0,-0.0,10724.0
676,3247.0,246.0,2554.0,5843.0
677,15710.0,1736.0,3772.0,17618.0
678,41050.0,3538.0,3809.0,11835.0
679,4008.0,876.0,130.0,9259.0
680,3570.0,1187.0,2509.0,9332.0
681,3660.0,563.0,2100.0,3846.0
682,8022.0,1296.0,1738.0,10483.0
683,6373.0,181.0,1549.0,7149.0
684,2846.0,566.0,2099.0,6134.0
685,22573.0,2912.0,3779.0,13430.0
686,3386.0,336.0,1413.0,4849.0
687,47507.0,3405.0,1029.0,7217.0
688,21386.0,2949.0,3385.0,14553.0
689,48083.0,3429.0,1768.0,11609.0
690,3860.0,346.0,2175.0,4617.0
691,15780.0,962.0,2321.0,9237.0
692,8795.0,1503.0,2033.0,10738.0
693,22756.0,843.0,2282.0,9738.0
694,22889.0,1533.0,1443.0,10052.0
695,11956.0,1895.0,1609.0,3850.0
696,6273.0,1156.0,3873.0,8437.0
697,9219.0,1071.0,1623.0,3339.0
698,14336.0,867.0,1615.0,4798.0
699,5898.0,780.0,2219.0,4628.0
700,30069.0,1122.0,3475.0,14701.0
701,5294.0,518.0,2497.0,5603.0
702,4040.0,897.0,2440.0,9102.0
703,2730.0,113.0,551.0,10176.0
704,3003.0,866.0,1536.0,7472.0
705,2639.0,336.0,-0.0,1349.0
706,9810.0,2206.0,1386.0,1813.0
707,3868.0,494.0,1458.0,13377.0
708,3897.0,1126.0,875.0,12274.0
709,13206.0,2462.0,1646.0,7377.0
710,4790.0,575.0,4766.0,6600.0
711,2541.0,331.0,811.0,5411.0
712,7299.0,776.0,1045.0,7091.0
713,4164.0,173.0,3292.0,11369.0
714,5663.0,1350.0,1344.0,3224.0
715,3286.0,708.0,3307.0,4456.0
716,14301.0,1339.0,2544.0,10043.0
717,21722.0,2480.0,2910.0,7698.0
718,7057.0,586.0,1683.0,3312.0
719,38582.0,3027.0,3405.0,6466.0
720,2489.0,659.0,858.0,6116.0
721,3649.0,760.0,253.0,10906.0
722,4315.0,783.0,-0.0,6170.0
723,2719.0,12.0,1504.0,9976.0
724,5141.0,2389.0,4437.0,8226.0
725,3674.0,865.0,716.0,10011.0
726,15918.0,1582.0,1149.0,5419.0
727,3996.0,1587.0,1154.0,4292.0
728,10865.0,1077.0,1515.0,4148.0
729,10583.0,1159.0,3947.0,8709.0
730,6955.0,427.0,1389.0,12743.0
731,14787.0,2574.0,2083.0,20540.0
732,3076.0,727.0,2811.0,6746.0
733,5104.0,749.0,2649.0,10189.0
734,3854.0,559.0,2440.0,3677.0
735,3221.0,695.0,3206.0,11640.0
736,3968.0,1148.0,1713.0,9352.0
737,6835.0,959.0,833.0,4039.0
738,88144.0,29970.0,45887.0,78895.0
739,55425.0,21092.0,70886.0,99542.0
740,5845.0,2895.0,3143.0,16009.0
741,2743.0,160.0,2337.0,10971.0
742,13963.0,1929.0,-0.0,5427.0
743,2567.0,149.0,2460.0,4029.0
744,4873.0,376.0,1906.0,3955.0
745,9227.0,1965.0,4263.0,5751.0
746,3650.0,1076.0,1340.0,9457.0
747,3520.0,543.0,2349.0,12916.0
748,5682.0,733.0,2100.0,9295.0
749,9217.0,659.0,1152.0,2129.0
750,13595.0,1977.0,2410.0,14975.0
751,17747.0,1131.0,946.0,3986.0
752,3567.0,399.0,433.0,4421.0
753,3551.0,727.0,1098.0,5709.0
754,4246.0,897.0,1841.0,3180.0
755,36413.0,5315.0,2632.0,13792.0
756,29663.0,3620.0,3955.0,5532.0
757,3138.0,1664.0,934.0,5305.0
758,2848.0,354.0,1796.0,7840.0
759,3228.0,470.0,2489.0,4658.0
760,8661.0,1762.0,2147.0,10762.0
761,11512.0,1970.0,2049.0,9795.0
762,54101.0,5858.0,11679.0,11790.0
763,8106.0,594.0,2089.0,426.0
764,55435.0,4059.0,2374.0,3522.0
765,3078.0,281.0,2382.0,7879.0
766,24696.0,1740.0,2203.0,9608.0
767,4851.0,640.0,1536.0,833.0
768,9087.0,1581.0,3241.0,10465.0
769,20218.0,2390.0,1920.0,13184.0
770,6826.0,899.0,1666.0,7779.0
771,40781.0,4408.0,1170.0,8254.0
772,2657.0,327.0,130.0,11865.0
773,6047.0,1145.0,1271.0,5081.0
774,4611.0,72.0,-0.0,5929.0
775,3201.0,270.0,2016.0,13480.0
776,15838.0,1442.0,1054.0,8271.0
777,5135.0,851.0,2911.0,16556.0
778,5634.0,520.0,1249.0,4229.0
779,43280.0,4221.0,1837.0,6245.0
780,2967.0,1170.0,3438.0,11724.0
781,38347.0,3587.0,2973.0,20376.0
782,3947.0,182.0,3299.0,9969.0
783,2555.0,424.0,1325.0,5027.0
784,6512.0,2109.0,6573.0,11769.0
785,4377.0,1055.0,3287.0,6278.0
786,2495.0,219.0,666.0,8708.0
787,30310.0,3155.0,1667.0,14556.0
788,5045.0,1056.0,2083.0,7454.0
789,9962.0,1076.0,657.0,8410.0
790,38068.0,3319.0,2654.0,11001.0
791,8107.0,1451.0,2642.0,7811.0
792,6315.0,798.0,666.0,12502.0
793,5218.0,925.0,2587.0,7315.0
794,14978.0,2110.0,1910.0,14131.0
795,4208.0,752.0,-0.0,4269.0
796,4186.0,1454.0,-0.0,4295.0
797,35625.0,2872.0,2941.0,6945.0
798,11313.0,2619.0,3002.0,5447.0
799,27198.0,2092.0,2024.0,6263.0
800,2596.0,675.0,2384.0,5134.0
801,2718.0,177.0,3186.0,9028.0
802,2995.0,189.0,928.0,11354.0
803,5104.0,621.0,2584.0,9114.0
804,35215.0,1984.0,1775.0,6791.0
805,8962.0,1009.0,2337.0,6690.0
806,3962.0,746.0,1624.0,20597.0
807,3030.0,339.0,1996.0,11456.0
808,60668.0,3738.0,3971.0,31243.0
809,34561.0,1467.0,3213.0,3350.0
810,4495.0,558.0,1813.0,5985.0
811,3217.0,763.0,1843.0,5843.0
812,3671.0,336.0,2436.0,7577.0
813,3236.0,606.0,1552.0,8877.0
814,42061.0,3900.0,12509.0,15890.0
815,265662.0,58128.0,29261.0,188595.0
816,3963.0,1367.0,3220.0,11663.0
817,2617.0,1556.0,1387.0,8509.0
818,2779.0,780.0,438.0,4886.0
819,2610.0,858.0,2452.0,7341.0
820,19517.0,2462.0,1147.0,5607.0
821,2864.0,53.0,1695.0,12913.0
822,3543.0,455.0,1447.0,5650.0
823,2628.0,1196.0,2146.0,4335.0
824,6585.0,452.0,2073.0,11694.0
825,8664.0,1276.0,2296.0,7816.0
826,26495.0,2519.0,2916.0,5404.0
827,3946.0,1027.0,1902.0,2306.0
828,4178.0,656.0,4192.0,11123.0
829,9588.0,1003.0,1479.0,7168.0
830,8087.0,574.0,2279.0,8398.0
831,7325.0,1018.0,1868.0,4004.0
832,4069.0,1094.0,-0.0,7493.0
833,3132.0,56.0,2651.0,9167.0
834,12666.0,1898.0,1582.0,10820.0
835,5209.0,1441.0,7919.0,12389.0
836,3786.0,674.0,1756.0,1895.0
837,3960.0,620.0,3431.0,10101.0
838,3797.0,934.0,1997.0,17970.0
839,6929.0,799.0,518.0,7947.0
840,20129.0,2063.0,2558.0,5078.0
841,19657.0,881.0,1400.0,16120.0
842,20180.0,754.0,2414.0,14438.0
843,2541.0,69.0,2240.0,13396.0
844,15783.0,3841.0,3326.0,6139.0
845,51327.0,3478.0,1187.0,9686.0
846,318824.0,91519.0,17152.0,327335.0
847,15807.0,2313.0,6671.0,8114.0
848,4083.0,485.0,654.0,6638.0
849,3873.0,861.0,1368.0,10848.0
850,8818.0,504.0,2886.0,11591.0
851,3609.0,1101.0,471.0,5547.0
852,24827.0,4295.0,4031.0,12146.0
853,4404.0,1656.0,2544.0,8197.0
854,5813.0,561.0,1895.0,4717.0
855,6714.0,1075.0,2173.0,4256.0
856,13977.0,1328.0,2125.0,7043.0
857,6722.0,657.0,1294.0,8087.0
858,3426.0,796.0,2713.0,9742.0
859,2950.0,633.0,4117.0,10263.0
860,3955.0,1040.0,2107.0,17791.0
861,4150.0,592.0,813.0,10963.0
862,3970.0,934.0,3701.0,4274.0
863,2855.0,715.0,1140.0,7021.0
864,3057.0,974.0,539.0,8893.0
865,12762.0,1376.0,3504.0,12737.0
866,32009.0,3864.0,7301.0,8939.0
867,20098.0,1525.0,1688.0,13607.0
868,2598.0,383.0,2211.0,4490.0
869,2481.0,570.0,3126.0,13886.0
870,3758.0,357.0,2065.0,9276.0
871,66868.0,6586.0,4974.0,12848.0
872,4999.0,498.0,2480.0,6616.0
873,7778.0,796.0,737.0,5864.0
874,9396.0,1962.0,1469.0,4678.0
875,10709.0,1223.0,3074.0,10411.0
876,2550.0,714.0,1903.0,11165.0
877,3892.0,1266.0,1172.0,8431.0
878,36521.0,2890.0,2184.0,12492.0
879,8574.0,606.0,581.0,4186.0
880,16352.0,1065.0,1532.0,6748.0
881,9718.0,1281.0,507.0,12678.0
882,4361.0,790.0,1409.0,5936.0
883,72989.0,8127.0,4428.0,12995.0
884,3708.0,921.0,3153.0,3874.0
885,4096.0,414.0,1147.0,2984.0
886,10572.0,1179.0,3662.0,5300.0
887,10453.0,984.0,2687.0,7691.0
888,3253.0,619.0,2652.0,5233.0
889,13958.0,1700.0,1746.0,11293.0
890,4377.0,407.0,1966.0,11883.0
891,9948.0,1927.0,439.0,9889.0
892,3076.0,412.0,949.0,9554.0
893,43235.0,3199.0,1442.0,12117.0
894,14443.0,1608.0,1319.0,8607.0
895,8550.0,1131.0,1755.0,6130.0
896,6643.0,609.0,1027.0,10885.0
897,15285.0,1176.0,2396.0,6665.0
898,96941.0,7705.0,7266.0,22757.0
899,5072.0,255.0,479.0,5043.0
900,4060.0,455.0,1678.0,-0.0
901,8772.0,1104.0,2505.0,984.0
902,2757.0,519.0,459.0,4500.0
903,7818.0,1163.0,1450.0,11545.0
904,4233.0,504.0,5162.0,12322.0
905,3992.0,467.0,2853.0,13551.0
906,15569.0,1548.0,1347.0,10925.0
907,2471.0,697.0,3073.0,19860.0
908,2766.0,586.0,1198.0,6988.0
909,43949.0,4665.0,2133.0,5430.0
910,5566.0,1222.0,1565.0,12646.0
911,30986.0,3301.0,1953.0,7408.0
912,5115.0,1343.0,2326.0,6214.0
913,3630.0,1309.0,3236.0,13431.0
914,7537.0,1640.0,2501.0,5022.0
915,23598.0,2392.0,2726.0,14400.0
916,48399.0,4914.0,4276.0,17814.0
917,3021.0,378.0,-0.0,5540.0
918,4100.0,654.0,922.0,12266.0
919,33767.0,2041.0,2262.0,14582.0
920,30162.0,2008.0,1845.0,18441.0
921,5266.0,507.0,1796.0,4505.0
922,2924.0,695.0,793.0,2483.0
923,2671.0,507.0,-0.0,-0.0
924,3901.0,1759.0,2740.0,8709.0
925,5576.0,893.0,444.0,4421.0
926,24951.0,2191.0,3059.0,9732.0
927,3272.0,437.0,2511.0,5872.0
928,4817.0,1137.0,1396.0,1898.0
929,4714.0,1456.0,3537.0,9050.0
930,3005.0,359.0,-0.0,7150.0
931,3041.0,248.0,1770.0,6993.0
932,27812.0,1972.0,3163.0,13596.0
933,3989.0,1041.0,980.0,13773.0
934,6090.0,824.0,1862.0,7181.0
935,10309.0,522.0,3412.0,10817.0
936,6339.0,1150.0,1112.0,7999.0
937,48099.0,3418.0,2563.0,11342.0
938,16320.0,2957.0,1643.0,10622.0
939,2720.0,706.0,2442.0,4472.0
940,11136.0,720.0,1532.0,6847.0
941,3784.0,407.0,1353.0,3580.0
942,4827.0,1009.0,1406.0,7143.0
943,3670.0,243.0,1520.0,9773.0
944,21775.0,2085.0,5602.0,10424.0
945,4139.0,412.0,2004.0,5213.0
946,4392.0,364.0,3242.0,6336.0
947,35067.0,4089.0,2685.0,7922.0
948,27195.0,1335.0,1413.0,11224.0
949,14921.0,1616.0,2619.0,7977.0
950,4627.0,321.0,2404.0,11573.0
951,15512.0,2255.0,1861.0,9446.0
952,2760.0,352.0,831.0,11498.0
953,11906.0,1196.0,2251.0,9128.0
954,11860.0,649.0,2043.0,10867.0
955,8447.0,349.0,1518.0,8864.0
956,3721.0,546.0,2456.0,5954.0
957,4364.0,660.0,1049.0,15223.0
958,4100.0,784.0,2765.0,6239.0
959,3979.0,622.0,2673.0,12596.0
960,3357.0,1195.0,1475.0,7883.0
961,13529.0,1294.0,2914.0,14097.0
962,29507.0,1823.0,10729.0,19057.0
963,2475.0,138.0,422.0,8436.0
964,7168.0,76.0,2779.0,4349.0
965,9275.0,479.0,1455.0,-0.0
966,3405.0,430.0,4021.0,10918.0
967,2601.0,180.0,1251.0,2341.0
968,6001.0,998.0,3662.0,10301.0
969,5450.0,300.0,2400.0,10749.0
970,27365.0,1832.0,645.0,3384.0
971,5547.0,760.0,2653.0,7023.0
972,2778.0,546.0,1468.0,6052.0
973,7656.0,811.0,2956.0,7690.0
974,27193.0,3257.0,2320.0,3246.0
975,6702.0,362.0,3566.0,6120.0
976,16638.0,1983.0,3043.0,9596.0
977,7463.0,1288.0,969.0,12978.0
978,3390.0,1034.0,3131.0,12945.0
979,12994.0,1657.0,3409.0,8115.0
980,12055.0,1451.0,2030.0,5016.0
981,7426.0,879.0,1178.0,2874.0
982,2582.0,559.0,336.0,2430.0
983,3216.0,479.0,1109.0,6058.0
984,57159.0,6137.0,4509.0,14158.0
985,10719.0,1479.0,1380.0,8793.0
986,4352.0,177.0,2622.0,4770.0
987,41003.0,3127.0,4774.0,9358.0
988,4430.0,1253.0,1001.0,3603.0
989,44365.0,2892.0,2117.0,10047.0
990,5871.0,863.0,1580.0,4265.0
991,3842.0,686.0,1755.0,4189.0
992,3055.0,532.0,881.0,4182.0
993,31152.0,2723.0,3909.0,4369.0
994,5198.0,2321.0,2525.0,3258.0
995,2540.0,710.0,881.0,3895.0
996,3103.0,865.0,1500.0,9493.0
997,2638.0,467.0,1028.0,-0.0
998,13531.0,992.0,2779.0,6931.0
999,22087.0,2633.0,2774.0,12921.0
1000,4082.0,377.0,947.0,4552.0
1001,15412.0,1377.0,1550.0,10610.0
1002,2494.0,322.0,1696.0,13884.0
1003,2853.0,582.0,2931.0,7242.0
1004,5243.0,1371.0,234.0,9917.0
1005,39987.0,2266.0,2615.0,8207.0
1006,9061.0,1488.0,2782.0,10349.0
1007,17600.0,739.0,2409.0,8963.0
1008,9464.0,1276.0,1398.0,11692.0
1009,2503.0,57.0,67.0,7056.0
1010,20314.0,1593.0,2344.0,15231.0
1011,3036.0,530.0,1417.0,909.0
1012,4736.0,909.0,3636.0,6521.0
1013,3585.0,316.0,1498.0,4237.0
1014,31977.0,1571.0,3269.0,12935.0
1015,8919.0,1311.0,2973.0,16243.0
1016,4692.0,1310.0,7436.0,4433.0
1017,26877.0,1591.0,3171.0,10822.0
1018,3764.0,427.0,1032.0,9048.0
1019,6028.0,1259.0,1710.0,4950.0
1020,7442.0,881.0,1713.0,10435.0
1021,32113.0,3312.0,2975.0,4990.0
1022,4742.0,933.0,903.0,8351.0
1023,3602.0,413.0,987.0,8036.0
1024,3330.0,529.0,1203.0,14306.0
1025,3982.0,826.0,-0.0,11243.0
1026,2846.0,837.0,3429.0,11317.0
1027,14985.0,1160.0,2063.0,10504.0
1028,13760.0,1587.0,2381.0,11761.0
1029,5556.0,500.0,1826.0,9068.0
1030,23086.0,2150.0,4357.0,12376.0
1031,26010.0,3340.0,1577.0,7987.0
1032,19665.0,1064.0,3800.0,9347.0
1033,7748.0,405.0,3419.0,8060.0
1034,4154.0,11.0,979.0,8622.0
1035,7129.0,1867.0,2785.0,14220.0
1036,5161.0,630.0,924.0,6327.0
1037,2474.0,315.0,2148.0,6642.0
1038,2596.0,976.0,1949.0,9716.0
1039,8404.0,699.0,2608.0,7962.0
1040,10525.0,2179.0,2805.0,6447.0
1041,4194.0,793.0,3412.0,13426.0
1042,3294.0,1027.0,3856.0,9799.0
1043,6489.0,710.0,2675.0,-0.0
1044,2988.0,566.0,1355.0,4270.0
1045,3268.0,1140.0,5965.0,36617.0
1046,15430.0,2137.0,4372.0,9359.0
1047,33756.0,3445.0,3582.0,12744.0
1048,12565.0,1804.0,1423.0,11620.0
1049,4360.0,455.0,2159.0,1120.0
1050,7286.0,1494.0,3299.0,11053.0
1051,10582.0,799.0,3502.0,11256.0
1052,4192.0,1386.0,1458.0,3644.0
1053,38121.0,2220.0,3102.0,11457.0
1054,2877.0,1279.0,2024.0,7424.0
1055,4990.0,790.0,158.0,4858.0
1056,4589.0,862.0,1010.0,4493.0
1057,11907.0,1489.0,882.0,7108.0
1058,3787.0,350.0,2170.0,12103.0
1059,3048.0,1120.0,2036.0,1967.0
1060,9051.0,961.0,3068.0,12477.0
1061,42327.0,4048.0,3625.0,10789.0
1062,4129.0,885.0,3231.0,7657.0
1063,9142.0,1339.0,2168.0,9982.0
1064,26509.0,3809.0,1037.0,11558.0
1065,14788.0,999.0,2383.0,8945.0
1066,3528.0,51.0,1423.0,11652.0
1067,57701.0,8987.0,11634.0,36621.0
1068,4373.0,2568.0,5558.0,12244.0
1069,15556.0,2269.0,1937.0,11734.0
1070,6195.0,2100.0,6262.0,6041.0
1071,29229.0,2526.0,2206.0,6491.0
1072,3138.0,483.0,1270.0,5522.0
1073,3530.0,798.0,1362.0,5766.0
1074,3726.0,587.0,3442.0,8085.0
1075,25359.0,1773.0,6199.0,8847.0
1076,25909.0,1907.0,3577.0,7383.0
1077,7513.0,704.0,2708.0,6283.0
1078,2936.0,1385.0,2309.0,9982.0
1079,2504.0,789.0,2760.0,9871.0
1080,12983.0,1925.0,2170.0,9924.0
1081,36639.0,3364.0,9854.0,15400.0
1082,7426.0,1341.0,1488.0,9141.0
1083,20226.0,2279.0,2757.0,19203.0
1084,5327.0,1214.0,3082.0,5711.0
1085,11088.0,372.0,1422.0,13778.0
1086,19117.0,1095.0,4258.0,8153.0
1087,46465.0,3952.0,1779.0,2701.0
1088,5167.0,646.0,2366.0,7927.0
1089,24732.0,1768.0,3154.0,15440.0
1090,5488.0,843.0,265.0,2508.0
1091,6828.0,671.0,2507.0,7511.0
1092,17778.0,1610.0,1434.0,8677.0
1093,3257.0,185.0,1325.0,3383.0
1094,3412.0,766.0,3473.0,7866.0
1095,2589.0,863.0,-0.0,4222.0
1096,5105.0,466.0,1691.0,4799.0
1097,2763.0,95.0,2409.0,8095.0
1098,8672.0,1894.0,1580.0,2430.0
1099,19982.0,1908.0,2632.0,5433.0
1100,47842.0,7357.0,25778.0,43128.0
1101,29458.0,2090.0,2337.0,11440.0
1102,4117.0,252.0,345.0,9899.0
1103,7480.0,1356.0,363.0,9471.0
1104,52925.0,3472.0,2525.0,10319.0
1105,4088.0,1169.0,3742.0,12803.0
1106,28724.0,2539.0,3462.0,5499.0
1107,4497.0,749.0,2126.0,10028.0
1108,20096.0,2266.0,2191.0,7484.0
1109,3451.0,925.0,2530.0,5921.0
1110,2508.0,621.0,1433.0,6739.0
1111,3540.0,116.0,464.0,7479.0
1112,2565.0,975.0,1086.0,-0.0
1113,5574.0,851.0,3235.0,1080.0
1114,8648.0,1268.0,1478.0,6391.0
1115,28327.0,1487.0,3742.0,4867.0
1116,3217.0,796.0,2652.0,8913.0
1117,8999.0,1742.0,11964.0,10796.0
1118,14667.0,480.0,3206.0,19191.0
1119,4868.0,865.0,17449.0,2922.0
1120,20500.0,2528.0,2516.0,16677.0
1121,2668.0,665.0,761.0,4318.0
1122,3665.0,517.0,709.0,4023.0
1123,2462.0,330.0,891.0,4539.0
1124,3342.0,941.0,2020.0,13707.0
1125,102330.0,8216.0,7087.0,19989.0
1126,18524.0,2452.0,2124.0,11475.0
1127,6245.0,1861.0,1285.0,5708.0
1128,24994.0,1997.0,3138.0,6945.0
1129,10682.0,593.0,1361.0,5093.0
1130,19008.0,2061.0,4098.0,12343.0
1131,4420.0,761.0,1196.0,4720.0
1132,4059.0,774.0,3033.0,12777.0
1133,9608.0,1405.0,1307.0,11706.0
1134,3283.0,765.0,1676.0,12870.0
1135,3354.0,910.0,3267.0,7501.0
1136,3832.0,848.0,1540.0,5464.0
1137,4215.0,1213.0,2649.0,15575.0
1138,2674.0,589.0,1062.0,3571.0
1139,5481.0,595.0,3450.0,5685.0
1140,5076.0,636.0,813.0,8335.0
1141,4295.0,88.0,2255.0,10177.0
1142,6811.0,651.0,1299.0,8086.0
1143,4859.0,1112.0,962.0,4568.0
1144,4048.0,597.0,2379.0,13619.0
1145,9761.0,591.0,3037.0,9174.0
1146,40384.0,2707.0,2422.0,12745.0
1147,6772.0,872.0,1952.0,5807.0
1148,5633.0,1952.0,2744.0,6675.0
1149,2510.0,652.0,625.0,11588.0
1150,4548.0,618.0,4957.0,12256.0
1151,4019.0,597.0,2938.0,11099.0
1152,2912.0,659.0,3021.0,3317.0
1153,38351.0,2032.0,-0.0,7755.0
1154,31171.0,1242.0,2606.0,8515.0
1155,3406.0,990.0,2308.0,6498.0
1156,20799.0,1535.0,2471.0,5657.0
1157,2537.0,347.0,162.0,4292.0
1158,3050.0,498.0,2658.0,8246.0
1159,7910.0,999.0,1107.0,9006.0
1160,3983.0,589.0,1932.0,4953.0
1161,4261.0,153.0,1793.0,8837.0
1162,32385.0,3269.0,1940.0,12521.0
1163,3305.0,1252.0,1386.0,8981.0
1164,3408.0,1408.0,291.0,4314.0
1165,14772.0,1346.0,2478.0,5798.0
1166,4856.0,314.0,3320.0,9949.0
1167,5979.0,1150.0,2113.0,13265.0
1168,3633.0,553.0,2938.0,16353.0
1169,3039.0,990.0,2579.0,6586.0
1170,18909.0,1258.0,2466.0,7623.0
1171,34112.0,2683.0,4305.0,12066.0
1172,33317.0,3836.0,7942.0,9444.0
1173,4750.0,817.0,2032.0,6340.0
1174,13401.0,699.0,3405.0,6346.0
1175,20643.0,1953.0,3165.0,11279.0
1176,5401.0,566.0,1985.0,4998.0
1177,3037.0,496.0,264.0,768.0
1178,9554.0,163.0,422.0,15628.0
1179,12772.0,498.0,1296.0,16882.0
1180,11073.0,1382.0,3353.0,7694.0
1181,19418.0,2427.0,1574.0,6780.0
1182,5018.0,743.0,-0.0,3728.0
1183,8983.0,1123.0,1057.0,8234.0
1184,3376.0,629.0,597.0,7456.0
1185,6652.0,1407.0,1666.0,6874.0
1186,6976.0,1239.0,1264.0,7467.0
1187,7179.0,1055.0,2772.0,5301.0
1188,4282.0,260.0,1405.0,798.0
1189,39564.0,3118.0,1212.0,3024.0
1190,28808.0,2403.0,737.0,8993.0
1191,19351.0,951.0,2988.0,8985.0
1192,52585.0,3054.0,4077.0,18096.0
1193,6523.0,1628.0,3667.0,-0.0
1194,4168.0,1441.0,2306.0,12233.0
1195,25631.0,1080.0,4873.0,12844.0
1196,4519.0,467.0,3514.0,8513.0
1197,4254.0,393.0,338.0,1100.0
1198,51569.0,4905.0,4166.0,12004.0
1199,7706.0,1252.0,1710.0,5727.0
1200,2883.0,252.0,713.0,9014.0
1201,12985.0,800.0,2594.0,20849.0
1202,2898.0,733.0,-0.0,13837.0
1203,7369.0,1276.0,2961.0,10994.0
1204,3464.0,670.0,379.0,1035.0
1205,2688.0,370.0,1399.0,6913.0
1206,4148.0,1035.0,1296.0,5116.0
1207,16910.0,1795.0,920.0,13827.0
1208,2903.0,714.0,1432.0,10518.0
1209,9249.0,1005.0,2862.0,6104.0
1210,17664.0,1258.0,2691.0,8185.0
1211,21328.0,1109.0,3266.0,18273.0
1212,13608.0,698.0,2207.0,9044.0
1213,7195.0,914.0,1039.0,13926.0
1214,2597.0,261.0,1862.0,11511.0
1215,3286.0,545.0,1398.0,20692.0
1216,30689.0,4357.0,2756.0,5897.0
1217,4566.0,342.0,2491.0,9479.0
1218,2993.0,622.0,2406.0,-0.0
1219,20220.0,1775.0,1920.0,10970.0
1220,2654.0,772.0,743.0,4380.0
1221,45728.0,4953.0,3906.0,9714.0
1222,10261.0,948.0,1406.0,10016.0
1223,23595.0,3285.0,5904.0,2663.0
1224,18459.0,1751.0,994.0,12167.0
1225,2465.0,160.0,538.0,1630.0
1226,8484.0,1438.0,2449.0,9068.0
1227,12077.0,1049.0,607.0,8050.0
1228,5332.0,1265.0,1406.0,6806.0
1229,4469.0,429.0,3142.0,5851.0
1230,3078.0,140.0,1082.0,3122.0
1231,24135.0,1878.0,6876.0,6981.0
1232,2995.0,515.0,1100.0,5463.0
1233,35417.0,4367.0,2961.0,6364.0
1234,13916.0,2075.0,599.0,13612.0
1235,6109.0,735.0,2165.0,5110.0
1236,4757.0,207.0,587.0,3930.0
1237,27147.0,4592.0,1781.0,9295.0
1238,12252.0,1072.0,5204.0,11429.0
1239,9950.0,1313.0,1754.0,6715.0
1240,13790.0,844.0,2580.0,7258.0
1241,4934.0,1196.0,2541.0,4390.0
1242,49383.0,3303.0,2839.0,9635.0
1243,3483.0,436.0,1017.0,8434.0
1244,7907.0,606.0,1702.0,3523.0
1245,2785.0,516.0,2544.0,8494.0
1246,10946.0,2059.0,3255.0,4456.0
1247,5949.0,1153.0,2985.0,7610.0
1248,3404.0,270.0,1224.0,7147.0
1249,3515.0,729.0,3154.0,7178.0
1250,3013.0,24.0,-0.0,7662.0
1251,8015.0,1195.0,2371.0,13530.0
1252,16983.0,1850.0,-0.0,4480.0
1253,4647.0,1162.0,1156.0,1746.0
1254,5224.0,816.0,2935.0,8301.0
1255,4511.0,382.0,4190.0,15432.0
1256,31249.0,3484.0,983.0,16995.0
1257,9528.0,1789.0,452.0,4869.0
1258,6329.0,1168.0,2153.0,7858.0
1259,3219.0,489.0,1286.0,8520.0
1260,4082.0,553.0,1543.0,14376.0
1261,6427.0,415.0,2596.0,8765.0
1262,18766.0,4237.0,3125.0,14862.0
1263,42473.0,4337.0,2814.0,7145.0
1264,6691.0,1129.0,1683.0,17707.0
1265,10761.0,824.0,3061.0,8987.0
1266,4097.0,812.0,2689.0,9369.0
1267,5097.0,697.0,2064.0,9203.0
1268,2896.0,361.0,1098.0,6212.0
1269,22506.0,2678.0,3381.0,8856.0
1270,6073.0,612.0,2597.0,13315.0
1271,4708.0,436.0,1188.0,5779.0
1272,2867.0,457.0,-0.0,2051.0
1273,3321.0,269.0,2525.0,928.0
1274,22093.0,1474.0,3183.0,12489.0
1275,26032.0,1309.0,1483.0,1736.0
1276,3957.0,760.0,1718.0,2165.0
1277,5648.0,955.0,3410.0,12411.0
1278,4127.0,671.0,1013.0,3214.0
1279,43303.0,1894.0,3124.0,6076.0
1280,5118.0,897.0,3924.0,6203.0
1281,56055.0,3974.0,2718.0,14055.0
1282,4277.0,265.0,1677.0,6632.0
1283,29796.0,4984.0,20611.0,25451.0
1284,4494.0,266.0,1456.0,5854.0
1285,4886.0,848.0,3653.0,12722.0
1286,4860.0,920.0,2112.0,9400.0
1287,3655.0,263.0,3059.0,11456.0
1288,6440.0,2030.0,512.0,6242.0
1289,2507.0,224.0,1829.0,7948.0
1290,4297.0,810.0,905.0,9890.0
1291,5318.0,1344.0,1549.0,9291.0
1292,5597.0,811.0,1401.0,5006.0
1293,30794.0,1341.0,2766.0,10484.0
1294,2663.0,1108.0,801.0,6325.0
1295,3243.0,665.0,3624.0,15466.0
1296,78697.0,6099.0,2455.0,7790.0
1297,5194.0,816.0,3348.0,3151.0
1298,4530.0,1749.0,2965.0,5607.0
1299,9653.0,1803.0,2900.0,7697.0
1300,4770.0,732.0,2004.0,8874.0
1301,3467.0,575.0,660.0,12458.0
1302,4017.0,1235.0,2286.0,16324.0
1303,4966.0,1032.0,692.0,3457.0
1304,3520.0,458.0,2034.0,1306.0
1305,3958.0,358.0,1447.0,12493.0
1306,10974.0,1038.0,557.0,12301.0
1307,31152.0,1318.0,1692.0,6789.0
1308,16275.0,1802.0,1143.0,16248.0
1309,38231.0,2913.0,5384.0,12642.0
1310,3131.0,671.0,1848.0,1288.0
1311,2997.0,271.0,1433.0,3120.0
1312,18434.0,2095.0,1743.0,8683.0
1313,3423.0,809.0,2343.0,6736.0
1314,9918.0,1391.0,2270.0,11247.0
1315,14063.0,1892.0,2245.0,7860.0
1316,3166.0,1187.0,1129.0,13205.0
1317,6678.0,544.0,382.0,3783.0
1318,2870.0,1156.0,14558.0,13307.0
1319,4561.0,256.0,2595.0,3940.0
1320,3881.0,744.0,205.0,4371.0
1321,2699.0,1228.0,1530.0,6671.0
1322,2602.0,470.0,2590.0,7557.0
1323,6148.0,340.0,1052.0,6726.0
1324,2717.0,883.0,-0.0,5255.0
1325,36931.0,8937.0,12786.0,13322.0
1326,3547.0,1809.0,6745.0,8310.0
1327,2942.0,988.0,1332.0,9319.0
1328,4457.0,1078.0,3110.0,9144.0
1329,3469.0,700.0,4207.0,4388.0
1330,3364.0,1024.0,2914.0,3939.0
1331,4991.0,551.0,894.0,10791.0
1332,14244.0,1726.0,1816.0,4775.0
1333,15555.0,2070.0,2150.0,2894.0
1334,7131.0,1526.0,2320.0,12143.0
1335,3350.0,618.0,2141.0,16366.0
1336,6817.0,495.0,2237.0,5900.0
1337,3926.0,487.0,1263.0,10209.0
1338,3960.0,1791.0,2824.0,4817.0
1339,3357.0,1100.0,1820.0,3964.0
1340,3414.0,1301.0,824.0,10702.0
1341,9113.0,760.0,1708.0,6444.0
1342,28339.0,3104.0,2936.0,16734.0
1343,3452.0,686.0,1513.0,1418.0
1344,36440.0,2049.0,3013.0,11021.0
1345,3931.0,584.0,1123.0,2671.0
1346,2648.0,796.0,5669.0,9059.0
1347,10344.0,1474.0,2470.0,13357.0
1348,23914.0,1674.0,2685.0,13032.0
1349,9561.0,1134.0,2191.0,7001.0
1350,2606.0,319.0,-0.0,2278.0
1351,5556.0,1386.0,3424.0,14286.0
1352,25480.0,4263.0,3524.0,9343.0
1353,27275.0,2466.0,2700.0,6810.0
1354,11024.0,637.0,496.0,6934.0
1355,68341.0,6621.0,5104.0,10740.0
1356,7970.0,1272.0,1212.0,1823.0
1357,51547.0,6484.0,3579.0,10395.0
1358,33277.0,2289.0,2757.0,11700.0
1359,61842.0,5691.0,4657.0,6156.0
1360,8184.0,3041.0,2387.0,25169.0
1361,2756.0,430.0,1987.0,7412.0
1362,9519.0,1744.0,2716.0,8895.0
1363,21991.0,12957.0,12249.0,35990.0
1364,4786.0,157.0,2416.0,7678.0
1365,30257.0,3907.0,3634.0,11075.0
1366,2548.0,331.0,663.0,2350.0
1367,5603.0,653.0,2567.0,4789.0
1368,31868.0,1822.0,3789.0,12497.0
1369,3350.0,99.0,2975.0,2459.0
1370,3587.0,393.0,1287.0,6877.0
1371,3519.0,410.0,1874.0,13966.0
1372,28346.0,2473.0,1561.0,5603.0
1373,8968.0,1314.0,1829.0,16136.0
1374,45568.0,3175.0,2349.0,11960.0
1375,4207.0,636.0,1895.0,13375.0
1376,18874.0,1936.0,2001.0,7500.0
1377,2637.0,1000.0,2122.0,9372.0
1378,4932.0,1062.0,1880.0,8039.0
1379,23681.0,1777.0,3454.0,8587.0
1380,15190.0,2122.0,2458.0,10924.0
1381,3905.0,1071.0,2750.0,5375.0
1382,16172.0,1605.0,1716.0,8379.0
1383,11620.0,1150.0,868.0,6050.0
1384,8742.0,823.0,463.0,3932.0
1385,12640.0,1721.0,3237.0,6946.0
1386,10216.0,617.0,1181.0,9430.0
1387,28620.0,2742.0,3491.0,15802.0
1388,4361.0,880.0,2564.0,11090.0
1389,5382.0,2149.0,2753.0,12916.0
1390,17687.0,1673.0,1866.0,6170.0
1391,3401.0,554.0,893.0,7322.0
1392,23054.0,2430.0,2238.0,8418.0
1393,11892.0,1855.0,1838.0,19916.0
1394,3419.0,547.0,2122.0,4379.0
1395,3744.0,1544.0,215.0,9723.0
1396,2980.0,905.0,1737.0,3720.0
1397,25876.0,6837.0,11988.0,11084.0
1398,2897.0,363.0,847.0,5223.0
1399,13006.0,924.0,3032.0,4223.0
1400,84787.0,8343.0,7813.0,11735.0
1401,2778.0,287.0,20.0,12000.0
1402,4271.0,803.0,3161.0,6863.0
1403,8378.0,778.0,2581.0,7749.0
1404,4980.0,1414.0,4883.0,12647.0
1405,20707.0,1768.0,1332.0,6493.0
1406,5131.0,699.0,2937.0,8622.0
1407,5555.0,1207.0,1213.0,6471.0
1408,5191.0,542.0,3012.0,-0.0
1409,3961.0,791.0,831.0,178.0
1410,5570.0,678.0,2264.0,3994.0
1411,2795.0,502.0,1310.0,7963.0
1412,8367.0,865.0,1623.0,4179.0
1413,7569.0,811.0,1113.0,6070.0
1414,6212.0,553.0,2079.0,9410.0
1415,5692.0,412.0,2572.0,10689.0
1416,16829.0,1915.0,3064.0,7065.0
1417,4203.0,329.0,830.0,8422.0
1418,4419.0,294.0,2156.0,4294.0
1419,3412.0,514.0,2166.0,8557.0
1420,28298.0,1531.0,2197.0,2306.0
1421,14252.0,1273.0,1789.0,10789.0
1422,4592.0,496.0,1870.0,11596.0
1423,4855.0,1853.0,2502.0,14064.0
1424,4361.0,598.0,3323.0,3553.0
1425,5310.0,441.0,4477.0,12048.0
1426,2561.0,525.0,2388.0,2104.0
1427,6435.0,385.0,2648.0,11561.0
1428,2575.0,460.0,2516.0,8512.0
1429,12670.0,1273.0,2650.0,9072.0
1430,6798.0,849.0,1725.0,5573.0
1431,5856.0,252.0,2232.0,6151.0
1432,5006.0,701.0,-0.0,839.0
1433,9385.0,867.0,1406.0,2913.0
1434,8528.0,855.0,2811.0,9462.0
1435,8107.0,1609.0,1580.0,8198.0
1436,6643.0,741.0,826.0,742.0
1437,7464.0,905.0,1313.0,4679.0
1438,3442.0,873.0,1891.0,4697.0
1439,5013.0,1545.0,940.0,2349.0
1440,11921.0,1244.0,1580.0,8876.0
1441,40513.0,3475.0,1567.0,-0.0
1442,11329.0,1159.0,1543.0,8943.0
1443,9102.0,1005.0,1644.0,7053.0
1444,7230.0,840.0,3927.0,8370.0
1445,9462.0,1787.0,845.0,14586.0
1446,5174.0,419.0,1639.0,9333.0
1447,5178.0,852.0,1094.0,5617.0
1448,4118.0,715.0,319.0,3188.0
1449,3305.0,637.0,1700.0,6636.0
1450,2569.0,564.0,3752.0,5411.0
1451,16427.0,1529.0,4905.0,12956.0
1452,142072.0,29646.0,64858.0,118175.0
1453,4365.0,1144.0,2199.0,15932.0
1454,4757.0,1070.0,2687.0,5319.0
1455,2687.0,398.0,749.0,6063.0
1456,41317.0,1541.0,1707.0,5486.0
1457,3805.0,544.0,505.0,-0.0
1458,3958.0,720.0,1376.0,4862.0
1459,2565.0,1262.0,1274.0,9250.0
1460,3137.0,461.0,1373.0,10754.0
1461,5438.0,1008.0,3098.0,3945.0
1462,30476.0,4469.0,12691.0,11043.0
1463,4546.0,837.0,3088.0,10909.0
1464,12132.0,1413.0,2685.0,7795.0
1465,13175.0,3054.0,8087.0,12450.0
1466,3803.0,285.0,2950.0,4974.0
1467,16437.0,1320.0,3197.0,7753.0
1468,31800.0,1242.0,2005.0,8510.0
1469,10365.0,1464.0,2326.0,11121.0
1470,8776.0,1550.0,2338.0,8601.0
1471,4244.0,498.0,1154.0,4924.0
1472,10174.0,698.0,1191.0,15484.0
1473,18118.0,1565.0,2874.0,10696.0
1474,32474.0,3685.0,1289.0,6570.0
1475,2717.0,862.0,5254.0,14609.0
1476,2571.0,314.0,449.0,-0.0
1477,5335.0,906.0,1589.0,5510.0
1478,5096.0,392.0,1754.0,6323.0
1479,27645.0,2467.0,2871.0,6289.0
1480,3171.0,248.0,1102.0,3343.0
1481,3561.0,443.0,2449.0,11159.0
1482,7786.0,943.0,1874.0,15787.0
1483,2925.0,132.0,1491.0,6834.0
1484,5962.0,900.0,1282.0,3198.0
1485,40461.0,2630.0,2030.0,5359.0
1486,11233.0,1501.0,2583.0,1602.0
1487,4273.0,595.0,1713.0,6594.0
1488,12992.0,1302.0,1669.0,8430.0
1489,12693.0,2564.0,662.0,10126.0
1490,4417.0,1543.0,2291.0,4962.0
1491,21585.0,3037.0,2986.0,9194.0
1492,5811.0,774.0,4016.0,11058.0
1493,23997.0,2057.0,3195.0,17380.0
1494,13374.0,1440.0,1628.0,5152.0
1495,2591.0,218.0,248.0,7504.0
1496,20954.0,2479.0,2873.0,8859.0
1497,8232.0,1011.0,5298.0,16562.0
1498,11644.0,754.0,458.0,9098.0
1499,2925.0,153.0,2022.0,8456.0
1500,4010.0,639.0,1198.0,1653.0
1501,2954.0,574.0,2514.0,4581.0
1502,17149.0,2003.0,1167.0,4921.0
1503,3224.0,1680.0,1818.0,13044.0
1504,9872.0,1407.0,2638.0,5903.0
1505,21757.0,1705.0,3618.0,10742.0
1506,3815.0,220.0,2650.0,12935.0
1507,34486.0,2972.0,2933.0,10803.0
1508,2599.0,69.0,365.0,14684.0
1509,4204.0,732.0,388.0,3818.0
1510,6402.0,362.0,4155.0,14277.0
1511,6114.0,918.0,2074.0,3196.0
1512,6131.0,1055.0,2313.0,4773.0
1513,5622.0,789.0,3798.0,12032.0
1514,3288.0,215.0,1447.0,5128.0
1515,7616.0,870.0,271.0,7112.0
1516,2621.0,626.0,1270.0,10788.0
1517,40924.0,2685.0,1287.0,6784.0
1518,2718.0,279.0,3873.0,3610.0
1519,42537.0,3510.0,2896.0,8431.0
1520,2855.0,506.0,128.0,6909.0
1521,6663.0,632.0,3906.0,7676.0
1522,5401.0,775.0,561.0,9773.0
1523,5304.0,1632.0,1472.0,7848.0
1524,4633.0,2208.0,3294.0,10179.0
1525,12594.0,702.0,1137.0,11891.0
1526,8928.0,647.0,1050.0,2498.0
1527,3550.0,328.0,1581.0,6715.0
1528,2701.0,487.0,1423.0,15694.0
1529,9351.0,760.0,1318.0,5497.0
1530,8990.0,1116.0,2717.0,8926.0
1531,4906.0,1128.0,2910.0,11328.0
1532,21513.0,1665.0,2505.0,10787.0
1533,2657.0,497.0,2419.0,14053.0
1534,4294.0,486.0,2998.0,12641.0
1535,7202.0,638.0,1211.0,11930.0
1536,20881.0,1892.0,2886.0,5738.0
1537,40923.0,5007.0,14746.0,11480.0
1538,4746.0,1042.0,2150.0,7249.0
1539,12777.0,843.0,2739.0,4592.0
1540,12185.0,1287.0,572.0,9239.0
1541,9546.0,909.0,2571.0,18307.0
1542,4757.0,479.0,905.0,795.0
1543,4956.0,466.0,-0.0,6014.0
1544,5168.0,641.0,868.0,7612.0
1545,4629.0,104.0,3323.0,5783.0
1546,6548.0,1044.0,722.0,4744.0
1547,22095.0,2301.0,2137.0,5302.0
1548,2574.0,452.0,1984.0,11387.0
1549,4297.0,1602.0,5238.0,10335.0
1550,3869.0,722.0,2164.0,7662.0
1551,122085.0,22130.0,21536.0,46425.0
1552,12052.0,649.0,1448.0,5306.0
1553,9712.0,1182.0,746.0,-0.0
1554,37250.0,2977.0,3691.0,17804.0
1555,4440.0,651.0,178.0,10442.0
1556,3665.0,428.0,2607.0,7227.0
1557,4627.0,650.0,2347.0,12080.0
1558,7973.0,1273.0,826.0,4809.0
1559,3638.0,594.0,2650.0,9671.0
1560,5315.0,282.0,530.0,11468.0
1561,42316.0,2920.0,2300.0,8733.0
1562,4887.0,1408.0,1645.0,6466.0
1563,2585.0,605.0,1713.0,1293.0
1564,4792.0,1405.0,3607.0,3137.0
1565,4112.0,665.0,2891.0,4693.0
1566,3168.0,516.0,945.0,4917.0
1567,28389.0,5410.0,82556.0,62886.0
1568,14534.0,917.0,1610.0,7812.0
1569,5325.0,775.0,1909.0,6066.0
1570,20346.0,1809.0,1504.0,9287.0
1571,38522.0,1576.0,3585.0,13108.0
1572,16553.0,2116.0,3002.0,6919.0
1573,5131.0,1473.0,939.0,5656.0
1574,46036.0,3055.0,3030.0,9616.0
1575,4378.0,920.0,2919.0,6427.0
1576,8574.0,830.0,1212.0,12086.0
1577,73296.0,10283.0,18873.0,45587.0
1578,16355.0,871.0,1618.0,6792.0
1579,13644.0,1361.0,1824.0,2523.0
1580,3700.0,558.0,1552.0,3495.0
1581,12547.0,701.0,1103.0,8624.0
1582,2909.0,855.0,1482.0,2142.0
1583,17092.0,1065.0,2557.0,11606.0
1584,9496.0,645.0,2607.0,3567.0
1585,4505.0,395.0,2268.0,12676.0
1586,8734.0,979.0,2808.0,11038.0
1587,5561.0,720.0,204.0,6659.0
1588,34473.0,3526.0,2420.0,12722.0
1589,26994.0,4492.0,1579.0,11045.0
1590,5230.0,438.0,2061.0,19287.0
1591,22260.0,1407.0,3058.0,10345.0
1592,47068.0,3581.0,1823.0,8625.0
1593,3214.0,630.0,2942.0,10296.0
1594,39933.0,3431.0,4282.0,8155.0
1595,3300.0,376.0,970.0,8028.0
1596,6425.0,1018.0,995.0,4302.0
1597,4804.0,568.0,2157.0,4358.0
1598,2754.0,223.0,170.0,6991.0
1599,4829.0,649.0,2727.0,13813.0
1600,9515.0,645.0,2584.0,6353.0
1601,4399.0,497.0,1844.0,11242.0
1602,19005.0,2596.0,6051.0,7943.0
1603,5776.0,1853.0,2011.0,7509.0
1604,20192.0,1657.0,3450.0,14682.0
1605,32199.0,3470.0,3025.0,11301.0
1606,10206.0,1262.0,2464.0,7359.0
1607,10508.0,985.0,2459.0,2283.0
1608,2630.0,358.0,2406.0,-0.0
1609,3157.0,559.0,1851.0,11894.0
1610,3630.0,678.0,2616.0,11017.0
1611,19609.0,1009.0,2263.0,13486.0
1612,5093.0,433.0,1756.0,8517.0
1613,3077.0,1018.0,1178.0,9187.0
1614,155397.0,65261.0,47512.0,110718.0
1615,7398.0,254.0,1630.0,2126.0
1616,3636.0,1425.0,412.0,8119.0
1617,8899.0,1516.0,878.0,5834.0
1618,63396.0,5388.0,4462.0,13686.0
1619,3849.0,556.0,3117.0,6047.0
1620,2512.0,470.0,1931.0,12265.0
1621,12192.0,1210.0,1685.0,4961.0
1622,33408.0,3951.0,1738.0,5475.0
1623,6146.0,1029.0,3009.0,7404.0
1624,3147.0,559.0,1452.0,6675.0
1625,4506.0,915.0,2071.0,10379.0
1626,28157.0,6213.0,24952.0,24947.0
1627,58536.0,6720.0,2297.0,17105.0
1628,3356.0,779.0,2454.0,8431.0
1629,4501.0,1224.0,3464.0,13882.0
1630,3117.0,350.0,1688.0,1884.0
1631,40817.0,2801.0,2920.0,14371.0
1632,38806.0,2231.0,3040.0,7771.0
1633,27786.0,2009.0,2113.0,13891.0
1634,3187.0,127.0,2867.0,17025.0
1635,3129.0,778.0,108.0,5265.0
1636,50805.0,3999.0,538.0,949.0
1637,4973.0,1032.0,2804.0,5983.0
1638,4102.0,1199.0,3979.0,8819.0
1639,4994.0,581.0,1142.0,6944.0
1640,33186.0,2847.0,2741.0,14662.0
1641,4163.0,1756.0,3713.0,7529.0
1642,5927.0,509.0,2021.0,9673.0
1643,2860.0,749.0,838.0,6374.0
1644,27517.0,4324.0,4227.0,10576.0
1645,24183.0,1910.0,2887.0,4379.0
1646,3505.0,394.0,468.0,-0.0
1647,4465.0,666.0,1746.0,17376.0
1648,3802.0,470.0,1857.0,6277.0
1649,20270.0,1774.0,423.0,11601.0
1650,3057.0,261.0,2439.0,11169.0
1651,30609.0,2957.0,1397.0,8139.0
1652,4293.0,429.0,2211.0,11020.0
1653,14687.0,1947.0,3049.0,3357.0
1654,15774.0,1329.0,4806.0,12119.0
1655,7934.0,1284.0,3141.0,8536.0
1656,18537.0,1773.0,2395.0,10169.0
1657,32237.0,5356.0,18659.0,21574.0
1658,7086.0,1120.0,2124.0,6523.0
1659,2895.0,1187.0,1105.0,146.0
1660,23815.0,1363.0,1255.0,15725.0
1661,3116.0,532.0,892.0,7616.0
1662,22086.0,3159.0,2284.0,14056.0
1663,3409.0,319.0,740.0,1220.0
1664,2465.0,1011.0,2590.0,8821.0
1665,2799.0,457.0,2558.0,6426.0
1666,21653.0,1160.0,613.0,3024.0
1667,4764.0,509.0,196.0,7687.0
1668,2526.0,192.0,824.0,11646.0
1669,5206.0,901.0,2127.0,7346.0
1670,3242.0,523.0,1054.0,2050.0
1671,2464.0,866.0,3607.0,5446.0
1672,3312.0,893.0,2163.0,4620.0
1673,5505.0,2009.0,4540.0,7568.0
1674,7048.0,1637.0,1862.0,12262.0
1675,3984.0,591.0,1673.0,4556.0
1676,7449.0,1015.0,987.0,4587.0
1677,7252.0,1121.0,1802.0,5674.0
1678,4774.0,727.0,3258.0,4544.0
1679,3038.0,961.0,2517.0,1553.0
1680,7918.0,889.0,2676.0,2795.0
1681,10183.0,2637.0,2080.0,4927.0
1682,39881.0,3809.0,3065.0,8049.0
1683,4334.0,948.0,1562.0,1067.0
1684,2764.0,232.0,1602.0,9772.0
1685,16656.0,1462.0,2653.0,10737.0
1686,50741.0,4740.0,2166.0,6109.0
1687,6443.0,3055.0,2754.0,7113.0
1688,4872.0,1081.0,1258.0,7899.0
1689,3773.0,838.0,1831.0,7533.0
1690,20454.0,1242.0,2946.0,7122.0
1691,167356.0,28611.0,61955.0,263165.0
1692,3082.0,607.0,1737.0,5856.0
1693,19250.0,1344.0,3514.0,6737.0
1694,4318.0,100.0,2976.0,12120.0
1695,5048.0,1123.0,1631.0,13224.0
1696,44172.0,3238.0,1029.0,7444.0
1697,22025.0,2594.0,7052.0,8223.0
1698,2906.0,432.0,1800.0,1738.0
1699,28221.0,1336.0,1253.0,16849.0
1700,25343.0,2268.0,3062.0,13642.0
1701,23951.0,1857.0,4700.0,12703.0
1702,4272.0,202.0,3354.0,7065.0
1703,3297.0,228.0,1683.0,10348.0
1704,29436.0,4025.0,2827.0,1899.0
1705,2551.0,535.0,2027.0,6940.0
1706,86572.0,6175.0,5391.0,7527.0
1707,42298.0,2765.0,1927.0,5924.0
1708,2643.0,537.0,3071.0,15000.0
1709,3108.0,672.0,1765.0,8474.0
1710,5170.0,849.0,3718.0,13714.0
1711,8657.0,315.0,1267.0,15787.0
1712,28160.0,2345.0,3011.0,8299.0
1713,2941.0,269.0,-0.0,2858.0
1714,2807.0,459.0,2846.0,12781.0
1715,3144.0,719.0,1485.0,10445.0
1716,13483.0,702.0,2533.0,12342.0
1717,8957.0,1116.0,2356.0,5516.0
1718,14114.0,1835.0,3716.0,7845.0
1719,5075.0,1013.0,1197.0,9229.0
1720,39729.0,3576.0,3113.0,14967.0
1721,3095.0,771.0,1886.0,5210.0
1722,3369.0,290.0,2313.0,8285.0
1723,5278.0,712.0,3382.0,13308.0
1724,4216.0,275.0,1363.0,1092.0
1725,27177.0,3276.0,3056.0,13063.0
1726,17272.0,3474.0,5660.0,17224.0
1727,14315.0,1603.0,2559.0,7947.0
1728,21886.0,1324.0,1830.0,12108.0
1729,30855.0,2932.0,3499.0,15246.0
1730,54925.0,7373.0,7077.0,11738.0
1731,3256.0,518.0,290.0,17287.0
1732,4093.0,703.0,3354.0,7501.0
1733,11862.0,1151.0,1655.0,8121.0
1734,8054.0,1266.0,834.0,11537.0
1735,10370.0,1001.0,1123.0,6512.0
1736,2924.0,666.0,1766.0,7840.0
1737,7490.0,371.0,700.0,6904.0
1738,2893.0,332.0,373.0,14568.0
1739,2538.0,127.0,308.0,-0.0
1740,49593.0,3246.0,2453.0,16047.0
1741,50211.0,3626.0,2899.0,11521.0
1742,3655.0,875.0,1749.0,5852.0
1743,4010.0,521.0,3502.0,3816.0
1744,8491.0,715.0,2748.0,10624.0
1745,3184.0,362.0,1729.0,11098.0
1746,16652.0,2255.0,1419.0,5787.0
1747,2896.0,709.0,-0.0,9947.0
1748,4214.0,1316.0,3603.0,4256.0
1749,3313.0,659.0,2872.0,7326.0
1750,3622.0,334.0,1789.0,5509.0
1751,3529.0,905.0,2484.0,12314.0
1752,5186.0,1089.0,873.0,10556.0
1753,8164.0,620.0,2397.0,8242.0
1754,6043.0,609.0,845.0,4941.0
1755,31031.0,2129.0,6591.0,10726.0
1756,19821.0,1754.0,3623.0,3212.0
1757,17118.0,3146.0,4355.0,12231.0
1758,14509.0,2792.0,3116.0,14775.0
1759,3899.0,1833.0,1162.0,-0.0
1760,137372.0,15062.0,3745.0,29926.0
1761,5724.0,479.0,1836.0,4390.0
1762,4582.0,358.0,3793.0,13793.0
1763,3054.0,516.0,3474.0,9346.0
1764,12459.0,1897.0,4029.0,12615.0
1765,10174.0,116.0,-0.0,3575.0
1766,12080.0,2075.0,9.0,9174.0
1767,15553.0,1007.0,2377.0,8279.0
1768,13847.0,1977.0,2498.0,6763.0
1769,2484.0,276.0,3172.0,6988.0
1770,4565.0,301.0,1621.0,14436.0
1771,3359.0,826.0,169.0,9769.0
1772,3629.0,434.0,14.0,2599.0
1773,2889.0,406.0,1601.0,1095.0
1774,14473.0,2274.0,2916.0,10151.0
1775,7610.0,801.0,1832.0,7110.0
1776,4512.0,578.0,684.0,71.0
1777,60051.0,6698.0,2353.0,12603.0
1778,4853.0,505.0,2011.0,7725.0
1779,4520.0,1375.0,2607.0,6950.0
1780,5118.0,622.0,2729.0,7679.0
1781,22009.0,1822.0,3318.0,12038.0
1782,3376.0,682.0,214.0,6789.0
1783,3638.0,380.0,486.0,4447.0
1784,6994.0,1539.0,1994.0,12256.0
1785,6958.0,473.0,4280.0,10804.0
1786,5791.0,574.0,3560.0,9231.0
1787,30757.0,2403.0,1700.0,4395.0
1788,38967.0,4720.0,2504.0,11051.0
1789,4035.0,572.0,-0.0,6957.0
1790,12650.0,1017.0,2649.0,4164.0
1791,10813.0,1904.0,1898.0,4769.0
1792,56350.0,2962.0,3327.0,11391.0
1793,16061.0,2904.0,5007.0,6572.0
1794,6881.0,497.0,2645.0,6370.0
1795,9818.0,1514.0,2201.0,12186.0
1796,5678.0,730.0,400.0,13690.0
1797,3615.0,1568.0,3833.0,3190.0
1798,3799.0,325.0,1630.0,9317.0
1799,4550.0,197.0,1685.0,9533.0
1800,39933.0,4666.0,2742.0,13103.0
1801,3643.0,448.0,769.0,9014.0
1802,4630.0,1345.0,2386.0,13074.0
1803,2731.0,696.0,2347.0,12616.0
1804,2652.0,633.0,1634.0,4948.0
1805,38491.0,3439.0,2409.0,13482.0
1806,9698.0,1153.0,176.0,7936.0
1807,5745.0,1324.0,8880.0,3883.0
1808,5138.0,622.0,3314.0,10531.0
1809,18432.0,2129.0,3894.0,10980.0
1810,12035.0,1396.0,1980.0,8346.0
1811,7962.0,2978.0,2991.0,13637.0
1812,6062.0,1017.0,1821.0,5828.0
1813,3032.0,376.0,2008.0,14949.0
1814,6383.0,1242.0,907.0,3446.0
1815,5198.0,450.0,3055.0,7562.0
1816,8266.0,185.0,1310.0,8686.0
1817,5208.0,958.0,191.0,9564.0
1818,4609.0,252.0,1873.0,7415.0
1819,3128.0,343.0,1487.0,6448.0
1820,2481.0,783.0,414.0,9921.0
1821,3304.0,1118.0,2489.0,7615.0
1822,8709.0,1081.0,3034.0,6891.0
1823,4914.0,803.0,1694.0,10219.0
1824,4069.0,578.0,2322.0,8646.0
1825,28543.0,1989.0,6089.0,8022.0
1826,4774.0,1232.0,1494.0,4545.0
1827,4236.0,424.0,2702.0,2634.0
1828,6068.0,684.0,2719.0,4588.0
1829,21253.0,2176.0,2357.0,6359.0
1830,30522.0,3392.0,1673.0,10961.0
1831,4154.0,1122.0,2624.0,7401.0
1832,24951.0,2379.0,3582.0,10190.0
1833,13303.0,1226.0,1138.0,5134.0
1834,7089.0,1567.0,5847.0,11014.0
1835,21893.0,1888.0,2703.0,8363.0
1836,3603.0,639.0,1657.0,7583.0
1837,7598.0,1321.0,1235.0,1309.0
1838,4540.0,955.0,1444.0,9987.0
1839,14433.0,1578.0,1783.0,3782.0
1840,3815.0,213.0,1722.0,10561.0
1841,47895.0,3899.0,1786.0,7260.0
1842,3753.0,1290.0,1407.0,8382.0
1843,3065.0,879.0,1882.0,12899.0
1844,40358.0,3519.0,2226.0,7919.0
1845,16114.0,812.0,352.0,12424.0
1846,37178.0,2570.0,2234.0,11206.0
1847,21386.0,2347.0,2015.0,6493.0
1848,3020.0,412.0,1164.0,5357.0
1849,5181.0,660.0,2002.0,14188.0
1850,7578.0,1837.0,1905.0,10518.0
1851,3135.0,562.0,2263.0,8189.0
1852,3296.0,758.0,2790.0,10496.0
1853,36548.0,1642.0,1008.0,7341.0
1854,5107.0,2339.0,56203.0,18747.0
1855,4057.0,808.0,3434.0,9133.0
1856,24965.0,2070.0,1589.0,11698.0
1857,11403.0,2051.0,4456.0,10796.0
1858,6098.0,679.0,1611.0,9725.0
1859,3373.0,331.0,634.0,12240.0
1860,8262.0,1202.0,863.0,8593.0
1861,2834.0,309.0,1710.0,4612.0
1862,5653.0,808.0,2293.0,8271.0
1863,9187.0,960.0,1552.0,6304.0
1864,2756.0,103.0,2863.0,10805.0
1865,11735.0,926.0,3346.0,4752.0
1866,6427.0,940.0,1064.0,6994.0
1867,27312.0,3415.0,2664.0,15217.0
1868,3708.0,1354.0,1446.0,5024.0
1869,2602.0,702.0,685.0,8373.0
1870,6204.0,943.0,2607.0,2007.0
1871,6865.0,960.0,3009.0,4097.0
1872,2889.0,701.0,938.0,5233.0
1873,25483.0,3243.0,2149.0,6912.0
1874,4302.0,1030.0,1290.0,6487.0
1875,5261.0,1091.0,-0.0,6991.0
1876,3655.0,1118.0,2372.0,7806.0
1877,3183.0,888.0,2798.0,8133.0
1878,3304.0,833.0,853.0,5359.0
1879,24306.0,1384.0,2558.0,6918.0
1880,7281.0,945.0,4989.0,12995.0
1881,20719.0,2027.0,2423.0,12674.0
1882,7562.0,1338.0,1974.0,6797.0
1883,6962.0,996.0,1661.0,7364.0
1884,4381.0,285.0,1299.0,5195.0
1885,7139.0,938.0,424.0,8714.0
1886,25747.0,2161.0,2275.0,6553.0
1887,5775.0,655.0,143.0,6861.0
1888,6045.0,1144.0,2551.0,7699.0
1889,9031.0,553.0,572.0,7435.0
1890,4079.0,989.0,1277.0,3390.0
1891,4953.0,1419.0,2398.0,6080.0
1892,7493.0,719.0,-0.0,4880.0
1893,3240.0,465.0,238.0,4092.0
1894,4825.0,686.0,835.0,8088.0
1895,3638.0,338.0,1606.0,8966.0
1896,2636.0,532.0,730.0,4459.0
1897,10903.0,1621.0,1762.0,4405.0
1898,4384.0,1056.0,2303.0,16989.0
1899,5291.0,639.0,2083.0,11235.0
1900,3881.0,429.0,3701.0,9899.0
1901,3279.0,602.0,897.0,3670.0
1902,12121.0,1745.0,3729.0,21535.0
1903,2534.0,224.0,1556.0,1025.0
1904,6702.0,797.0,769.0,8970.0
1905,3002.0,951.0,1101.0,4391.0
1906,4148.0,957.0,3079.0,6210.0
1907,5079.0,542.0,2260.0,1742.0
1908,14176.0,241.0,1812.0,12124.0
1909,5349.0,1396.0,10435.0,12395.0
1910,3129.0,542.0,1039.0,2316.0
1911,21457.0,2132.0,1698.0,6046.0
1912,26614.0,2076.0,2579.0,4365.0
1913,18403.0,1443.0,1382.0,6598.0
1914,3594.0,769.0,2589.0,9612.0
1915,37245.0,4928.0,12777.0,9975.0
1916,6722.0,1654.0,2052.0,4592.0
1917,5749.0,494.0,1297.0,12618.0
1918,22988.0,2435.0,2813.0,8092.0
1919,3551.0,878.0,1607.0,9053.0
1920,7697.0,812.0,1536.0,4414.0
1921,10819.0,1366.0,2026.0,8907.0
1922,37931.0,2969.0,4041.0,10277.0
1923,34359.0,3069.0,5539.0,20622.0
1924,3523.0,502.0,1337.0,8790.0
1925,3719.0,872.0,1660.0,5160.0
1926,8990.0,1430.0,1448.0,9385.0
1927,5855.0,2203.0,4166.0,13898.0
1928,22842.0,1851.0,4055.0,7833.0
1929,46228.0,3948.0,3961.0,17214.0
1930,10495.0,1482.0,1979.0,6000.0
1931,4936.0,915.0,3466.0,9660.0
1932,8289.0,787.0,2998.0,12908.0
1933,4138.0,509.0,2842.0,9257.0
1934,7238.0,303.0,787.0,6761.0
1935,2497.0,581.0,1888.0,9551.0
1936,15061.0,1442.0,341.0,4112.0
1937,2482.0,958.0,1284.0,4149.0
1938,57700.0,12179.0,67676.0,34681.0
1939,27993.0,2774.0,2006.0,5863.0
1940,2671.0,399.0,562.0,12474.0
1941,6479.0,1077.0,1590.0,9888.0
1942,13389.0,1194.0,2693.0,16013.0
1943,3883.0,1313.0,2786.0,4934.0
1944,5948.0,282.0,2248.0,3638.0
1945,5092.0,476.0,2965.0,8862.0
1946,5203.0,820.0,2933.0,8130.0
1947,27518.0,7379.0,12989.0,33289.0
1948,25385.0,1570.0,3185.0,9643.0
1949,9791.0,574.0,1438.0,6067.0
1950,2813.0,786.0,1328.0,6416.0
1951,2678.0,92.0,2011.0,7931.0
1952,4679.0,1128.0,2381.0,12232.0
1953,8624.0,820.0,1795.0,10600.0
1954,5645.0,393.0,1558.0,8908.0
1955,50628.0,6122.0,14073.0,11049.0
1956,3252.0,536.0,999.0,3409.0
1957,31110.0,2327.0,2348.0,4299.0
1958,36921.0,2690.0,2305.0,6790.0
1959,4107.0,337.0,3839.0,11108.0
1960,19132.0,4848.0,6115.0,22254.0
1961,14119.0,3414.0,4284.0,18763.0
1962,9935.0,1122.0,2061.0,7410.0
1963,11893.0,1877.0,2816.0,8568.0
1964,17048.0,1610.0,1864.0,13885.0
1965,9618.0,1448.0,4192.0,7466.0
1966,7526.0,588.0,1815.0,8043.0
1967,51299.0,3687.0,3784.0,10521.0
1968,8728.0,934.0,511.0,2352.0
1969,22343.0,1089.0,1744.0,11998.0
1970,8993.0,1447.0,2136.0,3029.0
1971,61014.0,3647.0,2834.0,10333.0
1972,20063.0,1392.0,1331.0,7142.0
1973,25327.0,1525.0,2665.0,13061.0
1974,3499.0,1004.0,1872.0,9278.0
1975,32068.0,2978.0,3607.0,12819.0
1976,3815.0,883.0,1289.0,9326.0
1977,22153.0,2321.0,2690.0,12991.0
1978,4034.0,628.0,3105.0,17304.0
1979,4381.0,1221.0,2048.0,12692.0
1980,7301.0,1347.0,186.0,3020.0
1981,3626.0,532.0,1831.0,3729.0
1982,24366.0,1599.0,1965.0,8618.0
1983,5535.0,1389.0,2460.0,9844.0
1984,11131.0,3197.0,2340.0,10419.0
1985,2482.0,893.0,3806.0,6385.0
1986,3641.0,1195.0,3255.0,16965.0
1987,22242.0,1870.0,1257.0,5594.0
1988,27159.0,2291.0,3294.0,7292.0
1989,6948.0,1123.0,3367.0,10332.0
1990,31265.0,3799.0,1765.0,11206.0
1991,14340.0,1101.0,2655.0,20392.0
1992,4436.0,337.0,1892.0,9951.0
1993,13782.0,1577.0,2532.0,9032.0
1994,2946.0,513.0,1800.0,7040.0
1995,12877.0,1390.0,1267.0,7856.0
1996,5395.0,1377.0,2425.0,7268.0
1997,19717.0,1171.0,1556.0,5396.0
1998,3200.0,903.0,3176.0,8622.0
1999,41684.0,2740.0,2833.0,11920.0
2000,3634.0,848.0,822.0,9877.0
2001,2706.0,203.0,1461.0,5699.0
2002,14155.0,1468.0,3963.0,18871.0
2003,5183.0,963.0,2688.0,12651.0
2004,5161.0,551.0,1240.0,4867.0
2005,25074.0,1967.0,968.0,8981.0
2006,21000.0,2209.0,1781.0,8263.0
2007,3374.0,410.0,3113.0,9660.0
2008,5179.0,722.0,1587.0,9549.0
2009,4911.0,1377.0,4657.0,8768.0
2010,5692.0,357.0,3655.0,10596.0
2011,23932.0,2352.0,1701.0,9142.0
2012,12222.0,1334.0,1701.0,4532.0
2013,21366.0,1351.0,1384.0,17276.0
2014,3164.0,258.0,2045.0,7298.0
2015,14719.0,2127.0,1690.0,13448.0
2016,3053.0,649.0,737.0,5436.0
2017,3705.0,1118.0,3150.0,14982.0
2018,16710.0,2351.0,3157.0,6146.0
2019,4416.0,703.0,2892.0,14989.0
2020,5313.0,688.0,737.0,6435.0
2021,22352.0,1424.0,1385.0,9901.0
2022,2835.0,541.0,161.0,9661.0
2023,3071.0,348.0,1193.0,5189.0
2024,7580.0,1017.0,1402.0,7761.0
2025,17493.0,1919.0,2073.0,10236.0
2026,3503.0,45.0,359.0,-0.0
2027,26929.0,1702.0,2868.0,10254.0
2028,4243.0,569.0,4270.0,8422.0
2029,12386.0,1317.0,1161.0,6521.0
2030,11160.0,1064.0,1887.0,5198.0
2031,2913.0,552.0,1291.0,6247.0
2032,18343.0,1244.0,2055.0,4979.0
2033,4783.0,645.0,1739.0,13357.0
2034,40739.0,2191.0,1452.0,5037.0
2035,23356.0,6728.0,42902.0,48485.0
2036,9611.0,648.0,1177.0,10961.0
2037,3168.0,1079.0,3449.0,1363.0
2038,2598.0,449.0,1546.0,-0.0
2039,7976.0,1021.0,1172.0,10267.0
2040,20997.0,1719.0,46.0,3767.0
2041,3814.0,187.0,-0.0,3825.0
2042,5698.0,257.0,1043.0,9835.0
2043,2912.0,634.0,1095.0,6555.0
2044,8032.0,2304.0,2547.0,14638.0
2045,10567.0,812.0,1113.0,5030.0
2046,2618.0,609.0,2477.0,7324.0
2047,8174.0,333.0,1654.0,10694.0
2048,44108.0,3000.0,2850.0,6722.0
2049,12305.0,494.0,1413.0,16219.0
2050,8247.0,1985.0,2360.0,5168.0
2051,4468.0,692.0,2408.0,11988.0
2052,3812.0,410.0,1104.0,6645.0
2053,33144.0,1391.0,3501.0,7233.0
2054,12508.0,989.0,4569.0,11654.0
2055,5191.0,281.0,1537.0,7509.0
2056,50989.0,3958.0,1914.0,12813.0
2057,3986.0,1351.0,1750.0,5424.0
2058,3631.0,751.0,2428.0,8721.0
2059,2557.0,933.0,2681.0,9990.0
2060,3809.0,302.0,2531.0,13849.0
2061,16122.0,2113.0,4474.0,15672.0
2062,14079.0,1846.0,8134.0,11116.0
2063,4403.0,646.0,3671.0,8507.0
2064,6914.0,1509.0,625.0,-0.0
2065,3617.0,487.0,2028.0,7429.0
2066,12400.0,1359.0,407.0,10926.0
2067,15085.0,2253.0,1001.0,8965.0
2068,4663.0,419.0,286.0,604.0
2069,50401.0,3392.0,2917.0,15215.0
2070,8078.0,924.0,1326.0,4101.0
2071,2802.0,390.0,1574.0,10863.0
2072,2681.0,313.0,1437.0,13279.0
2073,14651.0,962.0,1448.0,6470.0
2074,3245.0,781.0,-0.0,6487.0
2075,29797.0,2709.0,3229.0,10912.0
2076,66462.0,5332.0,7775.0,14325.0
2077,3546.0,252.0,1722.0,-0.0
2078,4326.0,914.0,3132.0,11119.0
2079,25571.0,1711.0,1806.0,5427.0
2080,14634.0,1737.0,1733.0,11796.0
2081,14556.0,917.0,2531.0,8872.0
2082,4388.0,1369.0,1522.0,12858.0
2083,7338.0,903.0,1300.0,8037.0
2084,10243.0,1661.0,3013.0,6291.0
2085,2634.0,986.0,1104.0,4459.0
2086,3010.0,450.0,-0.0,1849.0
2087,15820.0,1898.0,1702.0,15089.0
2088,5823.0,927.0,2383.0,12284.0
2089,4296.0,1013.0,2924.0,10143.0
2090,5818.0,226.0,239.0,5111.0
2091,27512.0,3070.0,816.0,10735.0
2092,8937.0,402.0,2065.0,8872.0
2093,2679.0,781.0,3963.0,7529.0
2094,4554.0,849.0,3072.0,8173.0
2095,22973.0,1824.0,1267.0,7782.0
2096,3620.0,455.0,2297.0,3624.0
2097,5500.0,1215.0,2914.0,14195.0
2098,52329.0,3581.0,2800.0,6522.0
2099,48715.0,4486.0,1264.0,9055.0
2100,22698.0,1416.0,1642.0,5109.0
2101,41816.0,3446.0,3287.0,10112.0
2102,10935.0,712.0,765.0,12448.0
2103,2484.0,691.0,1306.0,3969.0
2104,2516.0,1222.0,969.0,8421.0
2105,3496.0,1535.0,2811.0,15139.0
2106,3808.0,384.0,2111.0,15199.0
2107,3616.0,911.0,1230.0,171.0
2108,27872.0,2291.0,1959.0,7677.0
2109,40956.0,4008.0,3466.0,14610.0
2110,6287.0,1397.0,1712.0,7180.0
2111,5113.0,333.0,3767.0,7952.0
2112,7517.0,1242.0,2236.0,6158.0
2113,3744.0,278.0,1319.0,5067.0
2114,70348.0,4883.0,4896.0,17708.0
2115,9239.0,1212.0,1676.0,11614.0
2116,12597.0,1446.0,1084.0,6640.0
2117,2876.0,556.0,1052.0,2468.0
2118,2758.0,477.0,912.0,-0.0
2119,2940.0,176.0,1105.0,3433.0
2120,8638.0,974.0,3003.0,13250.0
2121,35977.0,4656.0,9188.0,24524.0
2122,3493.0,787.0,139.0,4469.0
2123,18686.0,2364.0,2393.0,4033.0
2124,2515.0,756.0,2557.0,9517.0
2125,19201.0,3073.0,3418.0,8927.0
2126,15542.0,3167.0,3638.0,9689.0
2127,49123.0,4002.0,1195.0,2473.0
2128,10952.0,1672.0,3924.0,8465.0
2129,8677.0,785.0,1838.0,6008.0
2130,12829.0,1572.0,4381.0,11312.0
2131,3682.0,917.0,1518.0,4219.0
2132,4995.0,1230.0,2330.0,10585.0
2133,52233.0,2879.0,3093.0,9806.0
2134,4989.0,1189.0,2441.0,12922.0
2135,7730.0,626.0,1349.0,11209.0
2136,2547.0,485.0,-0.0,7069.0
2137,56830.0,5932.0,22407.0,42782.0
2138,4598.0,1189.0,863.0,10186.0
2139,10426.0,1817.0,1030.0,4086.0
2140,4651.0,501.0,2407.0,6886.0
2141,23149.0,1127.0,2596.0,10619.0
2142,25967.0,1885.0,2242.0,5303.0
2143,4026.0,746.0,3132.0,7684.0
2144,4986.0,631.0,2951.0,3958.0
2145,6643.0,524.0,4451.0,15458.0
2146,12537.0,953.0,2402.0,6091.0
2147,11310.0,1377.0,2232.0,14922.0
2148,13092.0,1316.0,3729.0,7453.0
2149,3984.0,345.0,686.0,2205.0
2150,20831.0,1701.0,1784.0,7219.0
2151,25595.0,920.0,2510.0,7566.0
2152,12898.0,1293.0,2334.0,7777.0
2153,39207.0,3194.0,1517.0,8557.0
2154,40254.0,1873.0,5949.0,10333.0
2155,35308.0,3455.0,5355.0,6495.0
2156,10147.0,471.0,1299.0,4098.0
2157,9242.0,1467.0,2127.0,6442.0
2158,19975.0,2090.0,998.0,8832.0
2159,17068.0,760.0,1050.0,6451.0
2160,5933.0,659.0,2695.0,10368.0
2161,4199.0,586.0,26.0,3508.0
2162,4072.0,1095.0,4690.0,11151.0
2163,4012.0,575.0,171.0,1435.0
2164,35367.0,1902.0,2748.0,10546.0
2165,21586.0,1845.0,2422.0,11891.0
2166,11477.0,1740.0,1233.0,7260.0
2167,3163.0,318.0,1030.0,6374.0
2168,27767.0,2648.0,3014.0,2860.0
2169,2684.0,581.0,2321.0,6721.0
2170,30455.0,3812.0,5540.0,9245.0
2171,24179.0,1744.0,2646.0,16515.0
2172,56630.0,5279.0,3724.0,12826.0
2173,3041.0,800.0,1719.0,5320.0
2174,59697.0,4256.0,6638.0,20230.0
2175,4684.0,399.0,2876.0,4900.0
2176,27545.0,2072.0,2679.0,9027.0
2177,3126.0,590.0,3639.0,6719.0
2178,8487.0,1078.0,2915.0,11468.0
2179,6335.0,740.0,2973.0,4369.0
2180,24366.0,2464.0,3358.0,5948.0
2181,4431.0,387.0,2033.0,6918.0
2182,10415.0,1329.0,3217.0,10450.0
2183,2495.0,828.0,1173.0,15618.0
2184,15690.0,2152.0,1999.0,-0.0
2185,4927.0,631.0,1686.0,6456.0
2186,2678.0,538.0,3170.0,13605.0
2187,3809.0,329.0,2648.0,3613.0
2188,8200.0,957.0,1023.0,4834.0
2189,13205.0,1230.0,3653.0,9189.0
2190,2646.0,1045.0,3188.0,8806.0
2191,30453.0,2544.0,3285.0,3088.0
2192,5175.0,766.0,1306.0,3458.0
2193,2933.0,885.0,1885.0,9274.0
2194,3037.0,716.0,1652.0,2048.0
2195,2584.0,297.0,2983.0,11181.0
2196,3080.0,710.0,1144.0,908.0
2197,3647.0,544.0,801.0,3238.0
2198,3737.0,610.0,3396.0,11308.0
2199,43637.0,2319.0,3833.0,9684.0
2200,27891.0,4049.0,1358.0,16470.0
2201,29658.0,2105.0,1564.0,10172.0
2202,3958.0,871.0,1115.0,8151.0
2203,24084.0,1617.0,1910.0,11694.0
2204,3842.0,684.0,1032.0,7749.0
2205,3246.0,901.0,3369.0,5385.0
2206,6499.0,1790.0,1412.0,4802.0
2207,26377.0,3464.0,3489.0,6011.0
2208,3889.0,941.0,908.0,3419.0
2209,17840.0,2623.0,1289.0,4573.0
2210,30727.0,4000.0,2788.0,9326.0
2211,9805.0,850.0,2403.0,4688.0
2212,3175.0,939.0,-0.0,8158.0
2213,4758.0,834.0,1060.0,4429.0
2214,2714.0,216.0,413.0,7431.0
2215,5489.0,183.0,403.0,6079.0
2216,4820.0,739.0,2546.0,5753.0
2217,3138.0,605.0,687.0,8298.0
2218,3731.0,474.0,1791.0,9677.0
2219,60429.0,4608.0,2631.0,7366.0
2220,10791.0,1344.0,4344.0,11700.0
2221,18023.0,1896.0,1566.0,6206.0
2222,2774.0,193.0,2069.0,13279.0
2223,19143.0,2409.0,3745.0,6808.0
2224,4291.0,1024.0,2840.0,13324.0
2225,8931.0,1214.0,2463.0,13082.0
2226,10214.0,4030.0,6167.0,22122.0
2227,3965.0,39.0,1159.0,4801.0
2228,22192.0,5010.0,2062.0,7174.0
2229,3550.0,520.0,663.0,6657.0
2230,35304.0,2698.0,3962.0,9749.0
2231,9258.0,1575.0,1559.0,9924.0
2232,11345.0,598.0,1360.0,9149.0
2233,54623.0,6334.0,2673.0,9794.0
2234,29170.0,1589.0,1677.0,5028.0
2235,13869.0,1367.0,1522.0,3546.0
2236,3384.0,1285.0,813.0,5676.0
2237,6172.0,396.0,1129.0,7535.0
2238,12226.0,116.0,88.0,6104.0
2239,2899.0,332.0,1698.0,8986.0
2240,3802.0,342.0,1376.0,10005.0
2241,4164.0,463.0,1658.0,6021.0
2242,8827.0,1482.0,2406.0,5048.0
2243,32698.0,2344.0,1985.0,4990.0
2244,3879.0,190.0,553.0,12304.0
2245,4501.0,805.0,2601.0,13628.0
2246,3603.0,865.0,1777.0,10621.0
2247,6660.0,1767.0,503.0,14087.0
2248,3527.0,335.0,1269.0,13094.0
2249,6902.0,1910.0,373.0,6097.0
2250,4663.0,166.0,2182.0,10077.0
2251,31516.0,1924.0,1798.0,5871.0
2252,15813.0,881.0,2181.0,9448.0
2253,12289.0,705.0,3122.0,9514.0
2254,3521.0,1312.0,993.0,4626.0
2255,9019.0,1389.0,2294.0,2964.0
2256,2485.0,781.0,255.0,3680.0
2257,4698.0,1403.0,3499.0,9850.0
2258,2722.0,80.0,256.0,7956.0
2259,21200.0,1542.0,3046.0,8999.0
2260,7907.0,418.0,1407.0,4455.0
2261,14268.0,1323.0,3138.0,6038.0
2262,4374.0,960.0,2177.0,3576.0
2263,24758.0,2644.0,5363.0,7783.0
2264,3943.0,1054.0,3765.0,11087.0
2265,4118.0,1188.0,770.0,2001.0
2266,9445.0,1868.0,1220.0,8980.0
2267,4853.0,818.0,2305.0,14182.0
2268,21056.0,1834.0,3356.0,4144.0
2269,7724.0,1763.0,2596.0,8794.0
2270,21730.0,2011.0,2482.0,14040.0
2271,12390.0,1183.0,3160.0,9662.0
2272,15726.0,1023.0,1936.0,5946.0
2273,3276.0,585.0,1121.0,7364.0
2274,17819.0,2552.0,2510.0,6576.0
2275,15197.0,1359.0,2876.0,6809.0
2276,4413.0,562.0,1706.0,9869.0
2277,13684.0,872.0,2414.0,8717.0
2278,11846.0,1384.0,1998.0,8016.0
2279,40252.0,2557.0,3970.0,10453.0
2280,45627.0,2449.0,3009.0,9598.0
2281,60198.0,6160.0,1606.0,6137.0
2282,4557.0,428.0,3484.0,9484.0
2283,7628.0,731.0,1419.0,5636.0
2284,4597.0,1262.0,2037.0,10427.0
2285,5108.0,787.0,288.0,530.0
2286,2781.0,623.0,1227.0,11637.0
2287,4408.0,608.0,2541.0,7567.0
2288,58570.0,5418.0,3874.0,14688.0
2289,4000.0,621.0,767.0,7642.0
2290,45638.0,4169.0,1172.0,8816.0
2291,7274.0,1064.0,2308.0,5076.0
2292,4496.0,1265.0,2553.0,5169.0
2293,2526.0,847.0,2230.0,10177.0
2294,3846.0,693.0,1267.0,1975.0
2295,5067.0,1000.0,2923.0,7024.0
2296,32542.0,5002.0,3847.0,5174.0
2297,3883.0,340.0,2501.0,11947.0
2298,2578.0,984.0,765.0,1426.0
2299,2458.0,383.0,2480.0,2691.0
2300,2842.0,1139.0,1033.0,7352.0
2301,16754.0,1939.0,2125.0,12502.0
2302,11635.0,2175.0,2919.0,10057.0
2303,2849.0,527.0,2393.0,2965.0
2304,6228.0,454.0,876.0,6525.0
2305,6602.0,842.0,2266.0,10457.0
2306,10182.0,4345.0,5598.0,20666.0
2307,23132.0,1787.0,2959.0,10059.0
2308,102274.0,9547.0,8724.0,19204.0
2309,3543.0,989.0,963.0,7346.0
2310,4814.0,148.0,1902.0,9148.0
2311,48500.0,2766.0,2347.0,2604.0
2312,7495.0,2434.0,13949.0,12253.0
2313,9035.0,1012.0,164.0,10644.0
2314,28785.0,2058.0,1467.0,9530.0
2315,11880.0,1233.0,2085.0,11010.0
2316,7459.0,1034.0,2595.0,3336.0
2317,2964.0,520.0,1740.0,6996.0
2318,2580.0,1144.0,1745.0,11018.0
2319,17184.0,2219.0,1817.0,6343.0
2320,61967.0,9373.0,10170.0,10512.0
2321,3656.0,483.0,1786.0,9649.0
2322,11605.0,912.0,570.0,4154.0
2323,6961.0,1268.0,3723.0,8773.0
2324,21830.0,5239.0,15099.0,21928.0
2325,17986.0,1667.0,2751.0,204.0
2326,53533.0,21133.0,53086.0,247254.0
2327,29453.0,5513.0,4991.0,15886.0
2328,4063.0,631.0,2129.0,4400.0
2329,7666.0,811.0,829.0,5685.0
2330,24695.0,2186.0,2781.0,4696.0
2331,4929.0,1887.0,979.0,1546.0
2332,9399.0,601.0,483.0,4782.0
2333,3099.0,807.0,992.0,10894.0
2334,34876.0,2327.0,4374.0,12204.0
2335,4302.0,806.0,1400.0,9537.0
2336,3394.0,263.0,674.0,4247.0
2337,2904.0,301.0,650.0,710.0
2338,29319.0,1868.0,2917.0,8962.0
2339,53749.0,5001.0,9035.0,13140.0
2340,95081.0,8912.0,6770.0,20650.0
2341,25608.0,2073.0,1475.0,13941.0
2342,6905.0,799.0,2604.0,7050.0
2343,3164.0,939.0,1620.0,12325.0
2344,2757.0,454.0,1504.0,9150.0
2345,2813.0,1360.0,1442.0,7941.0
2346,7012.0,2360.0,3015.0,7973.0
2347,4769.0,487.0,799.0,4717.0
2348,6294.0,623.0,2700.0,5369.0
2349,23733.0,2428.0,-0.0,15965.0
2350,165790.0,81663.0,19726.0,232478.0
2351,2724.0,825.0,323.0,5416.0
2352,4511.0,334.0,1100.0,9909.0
2353,3792.0,631.0,1926.0,11462.0
2354,9180.0,945.0,2706.0,11323.0
2355,22994.0,2229.0,1841.0,10607.0
2356,3924.0,787.0,-0.0,5045.0
2357,4450.0,1131.0,2428.0,3943.0
2358,4391.0,451.0,585.0,3652.0
2359,3239.0,966.0,1678.0,9088.0
2360,4530.0,1141.0,2360.0,7257.0
2361,2606.0,860.0,1426.0,10192.0
2362,11835.0,887.0,1297.0,5706.0
2363,4397.0,317.0,1341.0,6577.0
2364,4129.0,631.0,1397.0,11961.0
2365,4185.0,246.0,1062.0,2576.0
2366,4661.0,417.0,2070.0,6724.0
2367,6039.0,1373.0,2341.0,14818.0
2368,4679.0,400.0,3738.0,983.0
2369,57870.0,11910.0,42022.0,38578.0
2370,3281.0,568.0,1290.0,7119.0
2371,6468.0,821.0,2855.0,5197.0
2372,2753.0,548.0,1583.0,13403.0
2373,4085.0,1208.0,6402.0,7095.0
2374,5491.0,2389.0,2666.0,10973.0
2375,4216.0,1065.0,1505.0,8257.0
2376,6363.0,644.0,2281.0,10231.0
2377,13517.0,1948.0,2838.0,7377.0
2378,3153.0,1375.0,3058.0,7615.0
2379,3147.0,408.0,768.0,7124.0
2380,3550.0,598.0,2246.0,6027.0
2381,2589.0,168.0,1287.0,1569.0
2382,8090.0,800.0,2625.0,7589.0
2383,16137.0,1064.0,1244.0,4559.0
2384,9927.0,650.0,2286.0,6468.0
2385,3703.0,832.0,2958.0,10756.0
2386,23029.0,2617.0,1461.0,3145.0
2387,9188.0,625.0,3443.0,5830.0
2388,3367.0,819.0,746.0,7445.0
2389,4083.0,1154.0,1130.0,8204.0
2390,11142.0,1359.0,2876.0,8376.0
2391,11683.0,1863.0,3022.0,12013.0
2392,3802.0,62.0,322.0,7236.0
2393,5650.0,533.0,2419.0,5080.0
2394,4194.0,1106.0,1991.0,6611.0
2395,4646.0,1356.0,4851.0,7822.0
2396,3048.0,1056.0,702.0,4613.0
2397,13040.0,1280.0,2103.0,15494.0
2398,29465.0,4579.0,7410.0,14094.0
2399,4679.0,1530.0,3641.0,14033.0
2400,5224.0,863.0,1066.0,6417.0
2401,13103.0,1703.0,1161.0,10298.0
2402,3827.0,833.0,2128.0,9778.0
2403,5809.0,564.0,722.0,5537.0
2404,6758.0,1056.0,1368.0,8456.0
2405,80334.0,15177.0,20965.0,55939.0
2406,8170.0,1177.0,1292.0,4482.0
2407,23847.0,2530.0,1174.0,13421.0
2408,3719.0,1185.0,553.0,1075.0
2409,14135.0,1199.0,2948.0,5420.0
2410,3409.0,531.0,2255.0,3605.0
2411,4373.0,1054.0,1442.0,2408.0
2412,7585.0,693.0,2345.0,12293.0
2413,20126.0,6977.0,5262.0,15728.0
2414,2708.0,600.0,2920.0,6478.0
2415,4122.0,1044.0,2367.0,4333.0
2416,2891.0,742.0,1710.0,5619.0
2417,7230.0,583.0,2526.0,2382.0
2418,5364.0,532.0,2527.0,8720.0
2419,33533.0,1938.0,3893.0,15016.0
2420,2805.0,184.0,2420.0,7362.0
2421,7515.0,472.0,2072.0,9512.0
2422,4695.0,1139.0,1468.0,6671.0
2423,4039.0,105.0,5180.0,8754.0
2424,15240.0,2315.0,1541.0,5434.0
2425,4075.0,100.0,-0.0,11637.0
2426,4703.0,406.0,1905.0,7078.0
2427,10361.0,567.0,2318.0,10459.0
2428,5367.0,215.0,1782.0,2833.0
2429,5525.0,239.0,1669.0,8222.0
2430,5629.0,1480.0,2956.0,1909.0
2431,60727.0,19079.0,13367.0,66297.0
2432,50040.0,4002.0,1665.0,11167.0
2433,5537.0,596.0,1799.0,6048.0
2434,2896.0,1167.0,1458.0,19719.0
2435,8231.0,1742.0,4375.0,10100.0
2436,2567.0,354.0,2595.0,8148.0
2437,5848.0,306.0,817.0,13725.0
2438,15864.0,1112.0,1586.0,7849.0
2439,17892.0,1894.0,882.0,7324.0
2440,2564.0,539.0,770.0,8324.0
2441,3012.0,1012.0,625.0,10579.0
2442,2609.0,18.0,2072.0,5929.0
2443,4244.0,1698.0,1070.0,6788.0
2444,2559.0,807.0,1697.0,5775.0
2445,27397.0,2758.0,2745.0,10683.0
2446,3323.0,732.0,2353.0,4038.0
2447,20111.0,1509.0,1468.0,6559.0
2448,3876.0,427.0,1608.0,5247.0
2449,3831.0,667.0,2531.0,5618.0
2450,2755.0,365.0,1966.0,3830.0
2451,6854.0,1354.0,508.0,-0.0
2452,5097.0,1014.0,-0.0,9015.0
2453,2834.0,300.0,2790.0,10688.0
2454,3275.0,811.0,525.0,8414.0
2455,5430.0,752.0,885.0,4781.0
2456,11230.0,778.0,2301.0,4885.0
2457,4697.0,747.0,865.0,9736.0
2458,5525.0,607.0,2131.0,3836.0
2459,26644.0,2409.0,2072.0,11570.0
2460,34528.0,3520.0,1861.0,11631.0
2461,28924.0,3626.0,7836.0,14714.0
2462,12853.0,2515.0,2080.0,9033.0
2463,6739.0,1832.0,1196.0,8046.0
2464,23422.0,1107.0,2453.0,5573.0
2465,20075.0,11283.0,10684.0,13033.0
2466,41104.0,3784.0,2404.0,10634.0
2467,3036.0,82.0,2695.0,8178.0
2468,4771.0,785.0,2718.0,7810.0
2469,22580.0,2469.0,1893.0,10382.0
2470,4669.0,632.0,2305.0,14800.0
2471,29100.0,1618.0,1210.0,5533.0
2472,5892.0,1628.0,457.0,3888.0
2473,19038.0,1640.0,2244.0,7636.0
2474,3448.0,176.0,1846.0,8035.0
2475,5610.0,631.0,957.0,5523.0
2476,2489.0,169.0,2297.0,1606.0
2477,2488.0,203.0,4883.0,12069.0
2478,5044.0,471.0,2191.0,5674.0
2479,7806.0,669.0,1579.0,9669.0
2480,4220.0,192.0,3619.0,4033.0
2481,4684.0,145.0,2547.0,3310.0
2482,22722.0,1851.0,732.0,5629.0
2483,25321.0,3015.0,1287.0,3248.0
2484,25235.0,3049.0,708.0,9153.0
2485,4601.0,1620.0,843.0,-0.0
2486,3132.0,736.0,2193.0,2517.0
2487,2797.0,147.0,1355.0,6903.0
2488,44705.0,3003.0,3081.0,5967.0
2489,3749.0,797.0,1643.0,9686.0
2490,26152.0,2107.0,1543.0,7002.0
2491,3562.0,571.0,1517.0,9271.0
2492,4763.0,888.0,1299.0,8658.0
2493,4377.0,126.0,2917.0,14378.0
2494,53830.0,3071.0,3654.0,10767.0
2495,29619.0,2292.0,3134.0,16613.0
2496,66958.0,6006.0,2728.0,11812.0
2497,23714.0,1632.0,2712.0,7335.0
2498,39548.0,3487.0,3116.0,6153.0
2499,19415.0,932.0,1471.0,8103.0
2500,3138.0,320.0,848.0,16985.0
2501,3941.0,788.0,1348.0,4933.0
2502,5026.0,1620.0,792.0,3399.0
2503,2831.0,81.0,1142.0,4129.0
2504,11287.0,609.0,1250.0,10535.0
2505,21509.0,1879.0,910.0,5428.0
2506,2540.0,513.0,1925.0,14405.0
2507,30028.0,1874.0,1247.0,8892.0
2508,3373.0,653.0,2526.0,8151.0
2509,3597.0,899.0,1583.0,8659.0
2510,2965.0,974.0,2082.0,4820.0
2511,35719.0,4991.0,12890.0,12659.0
2512,8957.0,662.0,3913.0,14307.0
2513,5047.0,627.0,2027.0,8115.0
2514,12411.0,1067.0,2839.0,11399.0
2515,11843.0,827.0,1156.0,15546.0
2516,4168.0,2254.0,5380.0,-0.0
2517,2775.0,94.0,1107.0,13105.0
2518,2464.0,775.0,1919.0,5758.0
2519,5475.0,648.0,2017.0,11353.0
2520,13213.0,1637.0,3053.0,7391.0
2521,2487.0,437.0,2494.0,10482.0
2522,5060.0,721.0,2001.0,2376.0
2523,69128.0,4794.0,11350.0,12596.0
2524,9536.0,1797.0,2559.0,15288.0
2525,12991.0,784.0,1247.0,9388.0
2526,3779.0,573.0,2113.0,6605.0
2527,4391.0,480.0,1043.0,8254.0
2528,17366.0,1476.0,1782.0,5869.0
2529,2502.0,748.0,2082.0,8676.0
2530,5103.0,1367.0,372.0,5413.0
2531,2764.0,884.0,2719.0,8923.0
2532,2955.0,319.0,249.0,7358.0
2533,5324.0,785.0,490.0,10495.0
2534,2853.0,315.0,405.0,466.0
2535,14214.0,1592.0,1902.0,5737.0
2536,2922.0,649.0,2371.0,7636.0
2537,2837.0,168.0,2767.0,3015.0
2538,3721.0,656.0,1867.0,4769.0
2539,3348.0,602.0,1643.0,14325.0
2540,9419.0,1233.0,1315.0,3337.0
2541,13125.0,987.0,3271.0,8367.0
2542,28453.0,2929.0,708.0,8489.0
2543,8175.0,1999.0,2447.0,11972.0
2544,22326.0,2282.0,1784.0,9375.0
2545,106350.0,10779.0,9124.0,10477.0
2546,4995.0,1016.0,2531.0,2671.0
2547,3107.0,764.0,348.0,3421.0
2548,11706.0,939.0,146.0,3240.0
2549,26729.0,2062.0,2435.0,12947.0
2550,13200.0,664.0,2004.0,8162.0
2551,2807.0,788.0,3188.0,8173.0
2552,4293.0,1166.0,426.0,5648.0
2553,43008.0,4024.0,4402.0,10455.0
2554,7407.0,1466.0,3696.0,4134.0
2555,25768.0,2630.0,2771.0,10054.0
2556,16771.0,855.0,1381.0,5444.0
2557,3478.0,869.0,1568.0,9003.0
2558,2645.0,595.0,3075.0,8546.0
2559,4996.0,1683.0,1437.0,237.0
2560,23878.0,2058.0,2330.0,6981.0
2561,24321.0,2169.0,5058.0,12355.0
2562,12449.0,1307.0,872.0,3802.0
2563,7467.0,1265.0,2532.0,10052.0
2564,4154.0,908.0,934.0,7097.0
2565,3849.0,272.0,1173.0,5932.0
2566,8666.0,658.0,2395.0,7924.0
2567,20704.0,1756.0,1974.0,3609.0
2568,11848.0,1035.0,1156.0,15390.0
2569,4798.0,612.0,3424.0,4842.0
2570,4138.0,509.0,1580.0,11262.0
2571,3315.0,1196.0,401.0,550.0
2572,2647.0,748.0,1510.0,2375.0
2573,26888.0,2469.0,2583.0,13878.0
2574,3162.0,725.0,11172.0,18243.0
2575,3228.0,569.0,725.0,14234.0
2576,19524.0,2063.0,1089.0,10037.0
2577,7235.0,372.0,516.0,7013.0
2578,3987.0,1063.0,1363.0,4128.0
2579,5732.0,509.0,2868.0,7291.0
2580,22109.0,1036.0,1084.0,8378.0
2581,6323.0,915.0,1968.0,4380.0
2582,41106.0,13110.0,5854.0,66750.0
2583,24343.0,2075.0,1986.0,12120.0
2584,2688.0,1062.0,2111.0,1462.0
2585,9580.0,664.0,288.0,-0.0
2586,26853.0,1553.0,2496.0,10136.0
2587,4941.0,1223.0,1760.0,11469.0
2588,20355.0,1297.0,1402.0,15153.0
2589,3452.0,398.0,2714.0,4933.0
2590,22686.0,2545.0,2597.0,5865.0
2591,3714.0,2018.0,26972.0,17897.0
2592,4051.0,1034.0,2210.0,6663.0
2593,37197.0,2474.0,1640.0,11720.0
2594,23493.0,2720.0,1842.0,6911.0
2595,7517.0,764.0,686.0,14379.0
2596,4359.0,357.0,1544.0,9213.0
2597,24102.0,2773.0,5363.0,7962.0
2598,25303.0,1537.0,1151.0,10311.0
2599,2621.0,181.0,1482.0,6223.0
2600,12057.0,1057.0,3430.0,7973.0
2601,2985.0,386.0,134.0,1703.0
2602,3723.0,97.0,539.0,14973.0
2603,6031.0,441.0,1682.0,9549.0
2604,3867.0,916.0,71407.0,34541.0
2605,2740.0,812.0,3772.0,9659.0
2606,26135.0,1895.0,3134.0,8457.0
2607,4338.0,911.0,728.0,4746.0
2608,5211.0,945.0,1855.0,10929.0
2609,30727.0,2538.0,4028.0,13367.0
2610,4552.0,1298.0,1739.0,8206.0
2611,7632.0,767.0,2585.0,10282.0
2612,3295.0,136.0,331.0,5448.0
2613,7405.0,727.0,987.0,12988.0
2614,3277.0,53.0,1340.0,5598.0
2615,39442.0,2347.0,2486.0,7998.0
2616,4504.0,452.0,1402.0,3453.0
2617,20339.0,1585.0,1503.0,9203.0
2618,3378.0,487.0,-0.0,11837.0
2619,41804.0,3690.0,3019.0,13030.0
2620,39036.0,3835.0,1826.0,19354.0
2621,59040.0,5354.0,3616.0,9564.0
2622,3533.0,493.0,2104.0,8412.0
2623,2607.0,426.0,2136.0,23.0
2624,2873.0,716.0,3131.0,7438.0
2625,44149.0,6440.0,3986.0,14095.0
2626,21587.0,2031.0,3215.0,4574.0
2627,8355.0,1497.0,1510.0,7083.0
2628,5914.0,918.0,2027.0,12303.0
2629,2989.0,528.0,2252.0,6168.0
2630,8592.0,960.0,2250.0,5609.0
2631,31771.0,2739.0,2398.0,7870.0
2632,3271.0,527.0,2784.0,3434.0
2633,28897.0,2232.0,5512.0,9477.0
2634,4566.0,787.0,3960.0,6900.0
2635,6593.0,642.0,2458.0,6417.0
2636,33067.0,4310.0,2519.0,13224.0
2637,8693.0,779.0,2273.0,7653.0
2638,21121.0,1428.0,2337.0,7348.0
2639,29555.0,2733.0,3209.0,7503.0
2640,30190.0,3447.0,2744.0,8865.0
2641,2707.0,637.0,1124.0,8710.0
2642,6461.0,1184.0,3704.0,5984.0
2643,109146.0,10775.0,12170.0,31362.0
2644,3633.0,700.0,3922.0,5226.0
2645,45674.0,6719.0,3948.0,8406.0
2646,30120.0,6286.0,7517.0,33456.0
2647,6811.0,628.0,1247.0,5559.0
2648,3748.0,817.0,1944.0,7111.0
2649,10302.0,1222.0,3512.0,16588.0
2650,3980.0,696.0,1144.0,2971.0
2651,5524.0,753.0,1518.0,6771.0
2652,3869.0,218.0,-0.0,6316.0
2653,3465.0,206.0,1359.0,2249.0
2654,60883.0,3170.0,3118.0,8140.0
2655,3113.0,319.0,383.0,147.0
2656,11211.0,1500.0,2441.0,3304.0
2657,33344.0,2276.0,2575.0,14056.0
2658,24249.0,2462.0,2575.0,6295.0
2659,121027.0,11514.0,17952.0,19300.0
2660,29968.0,2784.0,1422.0,4924.0
2661,4019.0,957.0,2258.0,7442.0
2662,7949.0,2241.0,2299.0,10689.0
2663,3422.0,690.0,1575.0,13524.0
2664,11270.0,628.0,1796.0,8626.0
2665,13427.0,3131.0,2025.0,5420.0
2666,9072.0,2155.0,1901.0,9592.0
2667,4793.0,741.0,2386.0,13828.0
2668,3042.0,766.0,2173.0,5204.0
2669,64884.0,5570.0,12161.0,13153.0
2670,10192.0,1316.0,1023.0,7493.0
2671,2860.0,376.0,3019.0,2399.0
2672,22076.0,2211.0,2282.0,6499.0
2673,2512.0,763.0,1779.0,5762.0
2674,4866.0,347.0,1001.0,7412.0
2675,2964.0,388.0,1412.0,10219.0
2676,13486.0,2673.0,3005.0,11956.0
2677,3759.0,551.0,4747.0,9238.0
2678,2617.0,501.0,2022.0,4555.0
2679,3640.0,575.0,2319.0,4034.0
2680,5641.0,739.0,2263.0,14841.0
2681,7138.0,872.0,5424.0,5801.0
2682,8280.0,1006.0,1783.0,6450.0
2683,3908.0,419.0,870.0,3061.0
2684,2823.0,263.0,2254.0,2298.0
2685,4871.0,1148.0,833.0,9616.0
2686,2639.0,628.0,2133.0,12853.0
2687,7578.0,837.0,2296.0,7882.0
2688,5080.0,1231.0,2272.0,3874.0
2689,4295.0,374.0,1377.0,-0.0
2690,12679.0,944.0,3305.0,5539.0
2691,3413.0,324.0,3354.0,4567.0
2692,2566.0,167.0,2059.0,9957.0
2693,28321.0,2492.0,2348.0,6724.0
2694,6984.0,1839.0,1376.0,11466.0
2695,3254.0,963.0,864.0,10259.0
2696,26538.0,2664.0,3169.0,14423.0
2697,3102.0,169.0,3173.0,4552.0
2698,16039.0,1143.0,2796.0,9119.0
2699,52460.0,4202.0,1524.0,11012.0
2700,3110.0,766.0,2109.0,7983.0
2701,127059.0,8108.0,3603.0,21559.0
2702,2944.0,139.0,1796.0,11944.0
2703,4680.0,1136.0,1110.0,7414.0
2704,11050.0,1478.0,1222.0,11804.0
2705,48345.0,9539.0,26518.0,31972.0
2706,23125.0,2091.0,2800.0,5548.0
2707,46280.0,2817.0,1550.0,8729.0
2708,6409.0,364.0,1124.0,6672.0
2709,9750.0,1809.0,1874.0,5096.0
2710,25021.0,4213.0,4052.0,11807.0
2711,6713.0,903.0,1291.0,11067.0
2712,2829.0,1002.0,4612.0,13330.0
2713,2708.0,52.0,341.0,4504.0
2714,17813.0,2391.0,1464.0,4100.0
2715,3026.0,503.0,2116.0,3683.0
2716,20964.0,1757.0,2183.0,8546.0
2717,38502.0,3482.0,1690.0,14594.0
2718,29471.0,1611.0,3570.0,9409.0
2719,6160.0,625.0,712.0,5314.0
2720,4554.0,705.0,2751.0,6156.0
2721,21321.0,1677.0,3770.0,9495.0
2722,2884.0,465.0,1905.0,9276.0
2723,2887.0,645.0,1497.0,7379.0
2724,14609.0,1741.0,2897.0,6012.0
2725,15549.0,974.0,769.0,1921.0
2726,7773.0,223.0,2617.0,6715.0
2727,7894.0,1253.0,1447.0,5664.0
