,0,1,2,3,4,5,6,7,8,9,10,11,12,13,14,15,16,17,18,19
0,0.9474020248093711,0.0,0.0,0.0,2.3090806999265455e-05,0.00030843732201684456,0.0,0.05065312719392413,4.759930551977254e-09,0.0,0.0,0.0,0.0,0.0,0.0016133151077580292,0.0,0.0,0.0,0.0,0.0
1,0.0,0.0,0.0,0.0,0.0,0.0,0.0,0.0,0.0,0.9766896624335517,0.0,0.0,0.0,0.023218940349828025,0.0,9.139721662030837e-05,0.0,0.0,0.0,0.0
2,7.618745813276431e-12,1.0589240481606533e-12,0.35804136043836693,0.0017426869891276852,0.0008265367672563118,8.393562403107739e-09,1.1264198562351563e-15,0.005033167544616939,0.6272018586945544,4.630697514869104e-05,1.224185359336334e-07,0.0016049158451664851,9.394534789432395e-06,4.5180541313820975e-05,0.0050409436453333605,8.663812486081628e-07,0.00040123307924127107,5.417743049599667e-06,9.512800260509282e-15,0.0
3,0.0009368782093103752,0.014418980217549794,1.5300817586679474e-06,6.8210358518818104e-09,3.0126581333203045e-13,0.00036975828564988177,2.475326009162667e-10,0.002478968136498926,0.056955973275599675,0.12521251672827244,0.033802025763756426,0.0,0.0,0.0001721206856110119,0.0013282699545244573,7.748465972962973e-07,0.21974481709473864,0.540490739596579,0.004085902742346095,7.37312337639429e-07
4,0.0008534429322688537,0.1648520978797444,0.0,0.0,5.89063658486512e-06,8.921055692594614e-12,0.0,3.7489130109617625e-15,1.797482969741719e-08,0.0013333469867616925,0.16708381451642915,0.6295932834956299,0.030563734242013394,0.00012590088239407735,1.3650123745832256e-05,0.0025541987675173836,0.0,0.0014292960377122743,0.0,0.0015913255154437463
5,0.0,0.0,0.0,0.0,2.393103588611823e-06,0.0,0.0,0.0009866780957236319,0.0,0.0,0.0,0.0,0.0,0.0038314406239471385,0.3644833465586247,0.6306961416181159,0.0,0.0,0.0,0.0
6,1.692937645683393e-06,0.0,0.0,0.0,1.942802124149969e-09,5.051570755761662e-05,0.0,7.701343041435421e-05,4.932773853670564e-05,2.2642652712712966e-06,0.0014935100573838095,0.16553296502423753,0.0,0.0,0.01876218928489911,0.003747429475178087,0.6150496953689091,0.1952333947671645,0.0,0.0
7,0.00010766761608143432,0.0,1.8156395416376362e-16,0.0,1.233660149902871e-05,1.6746005758114937e-06,0.0,0.7787353942334143,0.0,0.0058995459356376585,1.6424532605986193e-07,1.1949883896458576e-13,0.0016038366204518162,0.0,0.0,0.0,2.042065042387116e-08,0.21361490136540623,2.445836083752322e-05,0.0
8,0.0,3.3628184441848415e-11,0.0,0.0,0.0,0.9948569345411269,0.0,0.0,0.002918658724246557,0.0007924950990193864,0.0,0.0,0.0,0.0,0.0014319116019790342,0.0,0.0,0.0,0.0,0.0
9,0.779183889169183,0.0,0.0,0.04623925329999964,6.515843828171641e-06,0.0004234103324004251,1.5799663647836618e-07,0.0,7.773791023636292e-14,0.0005337410658799301,0.010109583850256126,2.1404354298181247e-10,0.10013485027169793,5.084213245448734e-13,9.806266392401256e-17,0.00597524288589103,0.046450390914648074,0.0,0.010942269500773191,6.946541761434318e-07
10,0.0537208181145718,1.1228756600138642e-11,0.0002515607557723172,7.778840600901427e-07,3.515439719832819e-12,0.0,0.6163447508672109,8.296608336787321e-07,0.00040922491331613417,0.037952972530597553,1.0423022950930562e-07,0.0016846917249017388,2.985178528821781e-07,2.924350557913284e-11,0.015925568950872274,0.13334879838513836,0.11650167595564592,0.022189002353487253,0.0003368698460830497,0.001332055265438957
11,2.1195539647492553e-07,0.0,0.0,0.0,0.0036379439166253614,0.00022729519644926964,4.165415418424374e-11,0.0,0.0005819131218081883,9.887147404775855e-09,0.07028945840850594,0.0,0.7659323709741075,1.8239161055593253e-12,6.518959424876673e-05,0.03082606966533523,0.0,2.362687055685459e-07,0.005979551897428272,0.1224597490707642
12,0.31209565689588653,0.0,0.15652792729242657,1.4834361769467262e-26,0.0,1.2846806160144684e-05,0.0,0.00025695593015554423,0.05639678496645003,3.3062998291152194e-07,0.04054060048195719,0.22975843890282857,5.776757206106423e-07,0.058481119121188835,4.856012351529596e-05,4.318736100742943e-06,6.7225158365757375e-06,0.14366534921601212,0.0019022025639432098,0.00030160814183519943
13,0.037108496696546034,0.0,3.0834858307312975e-08,4.089227209132622e-09,0.0,0.005505987753483567,0.7013757651874092,0.06992429198580713,6.511080212151381e-07,1.0285279169912568e-07,0.0,0.014910827946694773,0.0,8.645457107075794e-10,0.0,0.0,0.0,0.006284075784204592,0.16450901966526602,0.0003807452311447374
14,0.08013337038890186,0.0,4.381988359213525e-12,0.0,0.9183597986377968,9.38920252955033e-05,0.0,0.0,0.0004959638815695627,0.0,0.0,0.0,0.0,7.467813587724162e-10,0.0,0.0,5.028306450861353e-06,0.0009119460088219936,0.0,0.0
15,0.0,0.0,0.0,0.0,0.0,0.0,0.0,0.0,0.9855406732335636,1.1795062497553854e-11,0.0,0.014459286143931528,0.0,0.0,0.0,0.0,0.0,4.0599159796783564e-08,1.1549940163833501e-11,0.0
16,4.278554919806029e-30,0.0009086769123798785,1.03856802791536e-06,0.26425493878173645,0.0006913601846254085,1.9170800755653975e-06,5.697492133464327e-09,0.00029584744206809216,0.12349789809658591,0.5772653653012754,0.0023171490632394065,0.0,0.030148332497121018,0.000172845925052377,2.696979556285515e-12,0.0,2.39444519768394e-11,1.9508054072723586e-06,0.0004426736182719319,2.2992682694685235e-34
17,2.2009216338294196e-13,0.0,0.0,0.15941980743996848,0.0,0.0,0.0,0.0,0.0,0.0,0.0,0.0,0.0042953740541414945,0.006284595214735023,0.0,0.0,2.357925122518325e-06,0.8241894753206739,0.005808390045138533,0.0
18,0.0,1.8628860602463255e-06,1.3499363423031e-06,0.006170912452214848,0.0015852898110079601,0.42879098034151625,3.1530673830407777e-05,2.410888795620798e-05,9.598523885406805e-14,0.011096798159898565,0.1975203639326458,0.002219925248272391,0.0,0.3355842565068362,0.00018857038305948676,1.71675434400785e-10,0.01678024497226926,0.0,3.805610513711852e-06,2.5804593422528212e-11
19,0.0,0.0,0.0,0.0,0.0,0.0,0.0,0.0,0.00033507881169036015,0.0,0.0,0.0,0.9996649211883096,0.0,0.0,0.0,0.0,0.0,0.0,0.0
20,0.0,0.01609389801995516,1.4704152123314833e-15,0.04451667413461195,0.005017356744958098,0.6417682207361797,8.172566674711266e-12,0.009945968481918874,6.647745085593286e-12,0.0,0.0077713247169656245,4.1814328790737846e-07,0.0,0.0,7.265450168208723e-07,0.0007645614703986764,1.4676154355526072e-05,0.00104295299246178,0.2587118044187235,0.014351417426344588
21,0.0,0.0,0.0,0.0,0.0012672971645525015,0.0,0.0,0.0,0.8968659771085856,0.0,0.1018667092107095,0.0,0.0,1.6516152462812823e-08,0.0,0.0,0.0,0.0,0.0,0.0
22,0.0,0.0,0.0,0.9964641862402559,0.0,0.0,0.0,0.0,0.0,0.0,0.0,0.0012160580563689662,0.0,0.002285641617043577,0.0,0.0,0.0,2.2641178107116552e-14,3.4114086308980164e-05,0.0
23,0.017626140279667045,1.4274990075013393e-07,1.287229390566354e-08,0.0,0.005129236602168947,7.358134539209286e-08,1.2540855219452443e-11,5.010806870828682e-05,0.010716242115149398,0.09616076291554013,0.004619248409873713,0.02083861205960131,0.6679097304557201,0.0,0.001488691271471664,0.0,1.3267284846868054e-08,0.020691713079136,0.0,0.1547692722595976
24,3.439522183265663e-06,0.0,0.0,0.0,0.0,0.12662979666464746,5.1116244625110855e-08,0.0,0.0,0.0,0.0,0.0,0.0,5.63606349422214e-09,0.7000327224438667,0.0,0.16562112932070922,0.006284370849850889,0.0014284844464345257,0.0
25,0.0,0.0,0.0,0.0,0.0,0.0,0.999999616565181,0.0,0.0,0.0,0.0,0.0,0.0,3.834348190757682e-07,0.0,0.0,0.0,0.0,0.0,0.0
26,0.5336180836148242,0.0,3.1885390765295084e-08,0.0,7.78085671181503e-08,4.251777855796721e-05,0.0,0.0,0.024674104583564196,0.0,0.02297234751891582,0.006666683117340997,0.0,2.5598356859009654e-06,0.0,0.0,0.21616147154104032,0.0,0.026254304076814818,0.16960781823929788
27,2.5592956784751584e-06,0.04630575130551837,2.707977592569124e-06,0.0054383773513277285,0.012152701324857188,1.6711023595104538e-06,0.00016563438822087882,0.04105169072947406,6.309409158323185e-06,0.004029634242634682,0.0,0.5834231698236323,2.30391639047819e-07,5.178509509293578e-06,0.0,0.09818227657363918,0.008464127510607497,0.19981978169184755,0.0009481983722534246,4.989102516607286e-14
28,0.04886506997040726,0.2066424081951266,0.010140002373436915,0.008957304179373418,8.137191224365233e-05,0.0,0.0,0.00014491779275180473,0.0,4.3103400419908344e-14,0.0,0.0,0.0,0.7223475942628226,0.0,0.0025456478319271373,0.0,0.0002749325669568933,7.509149107416262e-07,0.0
29,0.0,0.9341214724707813,0.0,0.0,0.0,0.0,0.0,0.0,0.0,0.0,0.0,0.0,0.0,0.0,0.0,0.06587841397433016,0.0,0.0,0.0,1.1355488854364186e-07
30,0.0,0.0,0.01191078603242116,0.0,0.0013023365833725656,0.0,0.0,0.0,3.874664197698238e-08,0.0,0.0,0.9867868386375642,0.0,0.0,0.0,0.0,0.0,0.0,0.0,0.0
31,0.5241686652381213,0.0,3.2274543376906965e-20,0.0,0.0,0.0,8.718046179745752e-06,0.06774127040690349,5.082147305579717e-06,1.8643184860184153e-15,0.33591383909415684,0.0007371880828730787,1.5963859843234108e-06,0.002981859534272105,1.7179408604608781e-06,2.382898804264351e-06,0.0,9.166422809063109e-06,0.0514862946415836,0.016942219160144326
32,0.20861826337560643,0.4586092037372745,0.00018985200035869767,0.0,0.012114087509835161,0.0,2.626861705499072e-07,0.00428107421300501,0.0,0.004067567785865594,1.3574810347500468e-08,2.9473973732920142e-05,0.18999046013371754,0.0,0.06769976412603394,0.023786381264871294,0.000542900799756632,0.0001916948579137483,0.02297853025289385,0.006900469708153592
33,0.004853604042146143,0.7490714325390563,1.1125820881513277e-06,2.860674425549984e-05,0.02874608172023787,0.00849993387380891,0.001180953256850128,0.0,0.20719780901064633,3.1827413821938084e-06,7.826893037112115e-08,0.0,8.388452479164761e-14,2.8097764862398947e-09,0.0004172024102383699,0.0,0.0,2.140104239541166e-15,0.0,4.975009795060738e-13
34,0.019396543506925306,0.0,0.0,0.0,5.062744531928066e-07,0.001381685117244129,0.00028042924181915927,1.2005056229592903e-15,2.627205040556502e-06,8.251680853066332e-06,0.003627343145841403,1.6340959822333275e-13,0.701258794380682,0.11291745769050937,0.003856991276094344,0.09993760463645132,0.056319741189543394,0.0010119875468150277,1.0911073616565714e-10,3.6998452438135677e-08
35,3.2783116747278106e-05,7.893760078351199e-05,6.86888205576675e-06,0.0008215563522668251,1.5539504949720154e-08,1.8033447966912433e-06,6.042121480560537e-21,0.0,0.0,0.0,0.27566162384262527,0.20374598445782346,8.31064053182456e-05,0.000548381439951308,1.0301166066597046e-10,0.4327561550210623,4.129155515606039e-05,1.1264778969113567e-05,0.08621022755992754,0.0
36,0.0,0.2098909997687844,0.003214995201784484,0.00045894820854063055,0.24163422478547134,0.00010635381120045428,4.754958066673675e-05,0.0002939361362790399,1.527071458109072e-10,0.021129123033130588,2.945647481593188e-06,0.008233806929495307,6.259347361427533e-08,0.42409340115137467,6.944552972511545e-14,0.00011426745631847362,2.085911957430457e-06,0.08990518001250526,0.00012670319580613726,0.0007454164229530402
37,0.003978692805723619,2.242647313762221e-06,0.003982448947674859,0.0005004763206834369,3.836062947165513e-08,6.536667516714131e-05,1.9319529185008553e-05,0.2625075497292641,8.9506723597845e-05,0.08355576369578582,0.0038458693486558265,0.38785187062497245,0.24785057249407966,6.625843479601809e-06,1.9303594086849794e-08,0.0001751173533434344,0.0,0.005560845581891155,7.965473110732553e-08,7.594360227599232e-06
38,0.1702969604145414,2.481116962885116e-06,1.4008611676229212e-08,0.4782339576565014,4.5113702745453836e-05,0.0,0.0,0.0,0.0,0.0,0.09950509057064914,0.010426597362111364,0.01992107431952265,0.0,0.09961705986460094,0.12195165091343224,7.032071445362304e-11,0.0,0.0,0.0
39,0.0004865052384275464,0.0,5.840207567887823e-05,0.05077945520561121,0.8481852375030295,0.0,0.05631523690685757,4.742504243392386e-07,0.0,8.838168430291094e-16,2.96975115497923e-06,0.0049829578096597105,0.011173963172166615,3.657481417522347e-05,2.5902535769431116e-05,4.001551968181122e-11,0.0,0.027864984660998276,0.0,8.733603603031258e-05
40,0.010395394556577495,6.6338449174537515e-15,1.8766703868265694e-20,0.16556862975798914,0.05138251349612004,5.70329319284787e-06,3.8543393902598574e-15,4.056175381514495e-05,0.10903570135717791,0.022639273737558474,0.004404732794897399,0.0,0.00674917424939133,0.21272766206421553,0.08679919179882746,0.03049014740712738,0.00882154314678938,3.527014276155838e-07,0.22312612114878935,0.06781329673609285
41,0.0001350336592450862,0.004037991449105089,0.0,1.541354423459127e-06,0.28242758417298097,0.02864787094257895,0.007288469285191061,7.731722952000077e-13,3.0391906876588077e-06,3.919715827452512e-09,2.543246884246465e-06,1.2792876318789022e-06,0.0,1.898849901294192e-06,0.0,0.0,0.6724785815309339,0.0016244648262663478,2.1557674423046994e-09,0.0033496961279136203
42,0.0,0.0,0.33620769831099573,0.0,0.23834488539190213,8.048006082268241e-05,6.058842911212662e-14,1.1679075476437084e-09,0.0,1.896971139766369e-05,0.0,5.273815687005297e-05,0.3571822740085066,5.513768031932842e-15,0.0,4.383185662291048e-11,0.06811295314769977,0.0,0.0,0.0
43,0.0008876933773447736,0.027829973695502355,0.00555790093930628,0.0,0.30687575023366226,0.002143786825040768,0.0007912412526900448,0.0,0.00024212536259124925,0.22465889296887157,7.92560442719614e-10,0.07166765003419401,0.0,4.881213453901312e-09,0.3534704647858789,1.034663538744952e-05,0.005194587354302362,0.0,0.0006518745088759497,1.7706352578228098e-05
44,0.0,0.036117749769005045,0.0,0.1831703937584534,0.03878082555897564,0.0,0.0,3.739035105027814e-05,0.0,0.0109451053128721,0.0,0.0,0.6518523956663445,0.005396741532966147,0.0,0.0,0.07369932979413368,0.0,6.825619916450803e-08,0.0
45,0.0,9.435924954303994e-06,0.0,0.0,0.013228400491365493,0.18725253477635742,0.0,7.950196027291096e-08,0.0,0.08390036431842071,0.0,5.670978195479785e-16,0.01119753779046425,0.0,0.5936342141143414,0.1107655645319117,5.171017577662373e-07,0.0,1.103251670707856e-05,3.189317591788387e-07
46,1.1861033318890054e-07,0.0,0.04402821582708332,6.987774325624018e-07,0.0,0.0,1.5352362043456184e-06,0.28912262974099506,7.653382747505526e-07,4.8039040109279864e-26,0.0,0.12198592425282383,0.06394258067065597,2.053348333971909e-12,0.0027680813067756534,0.4766314094475102,0.0015180407898580488,0.0,0.0,0.0
47,6.854659585982205e-05,0.0,8.563176436929428e-19,0.0,0.0,0.1334595638898779,3.9379019858379925e-06,0.0,0.0,0.0,0.00023807474150852107,0.18253270924835036,6.831649069213951e-05,0.0,2.671774070361319e-06,9.007116953491778e-09,3.3675299397268444e-05,0.0,0.0,0.6835924950511407
48,0.0,0.0,0.0,0.0,0.0,0.0,0.0,0.0,0.0,0.0,0.0,0.0,0.0,0.0,0.0,0.0,0.9999999929632774,7.036722742015413e-09,0.0,0.0
49,0.0,0.17096681085592444,0.0,0.0,0.0,0.0,0.005464594097956702,3.1916380469079904e-05,4.090993174451289e-07,0.0,0.00014157016043753033,0.0,0.6116843404891406,0.0,0.0,0.21171035891675444,0.0,0.0,0.0,0.0
50,0.000819393550541947,4.4910853841729054e-07,0.0,0.0,0.0,0.9901182072671371,0.0,0.0,0.0,0.0,0.0,0.0,0.0,0.0,0.0,1.4419220156419259e-15,0.0,0.0,0.0,0.009061950073781019
51,0.0,0.5344585586868854,0.0,0.0,2.6616214403087085e-05,0.0,0.3324800951783747,0.0,0.0,0.0016469579528370583,0.0,0.0012888853291950384,0.00020175879858544112,0.0,1.363184088024474e-13,0.0,0.1293076520844386,0.0005894465896367032,2.9165507943382895e-08,0.0
52,1.6927872350806105e-11,0.6024683040910654,0.0,0.0,3.411996966409969e-09,2.4552483394478345e-10,4.095448459515308e-06,0.12209891866357077,2.3440689155131527e-05,0.05794704011905049,0.0,0.0,2.602394106086712e-09,0.0,0.21223014880285737,2.5808456202599016e-10,0.0013667752713316242,0.0038612703795814106,0.0,0.0
53,0.0,0.0,0.0,0.0,0.024826642357541253,1.8826182684189814e-09,1.66640276074141e-06,0.0,0.0,6.697766410657218e-05,0.9678599524305912,0.002751093901118024,0.0,0.0,0.0,0.0,0.0,0.0,0.0041728803923557324,0.0003207849689083546
54,0.00017163643270911026,0.0,2.349867256794682e-12,0.0,0.0,5.108540806033735e-09,8.831263143170977e-05,0.0,0.0,0.0,0.0,0.46401934514361365,0.0,0.07205013608927362,6.596661084235664e-16,5.356690500952749e-05,0.46360064674406704,2.757599103260398e-07,0.0,1.607518309372358e-05
55,8.197991554061554e-13,0.0,0.032847376800273984,8.992979940773102e-05,0.0,2.375637773095996e-06,0.07619935287119191,0.0,0.0,0.00013881968571648014,0.06209153718017858,0.0,0.0,0.0,0.0,0.0,0.8269101932154933,0.0,0.0,0.0017204148091449864
56,0.0,0.0,0.9558541469194499,0.0,0.0,0.0,0.0,0.0,0.0,0.0,0.0,0.0,0.0,0.0,0.0,0.0,0.0,0.04414585308055016,0.0,0.0
57,0.07537525020146454,0.11348222523049993,0.00012585661891593265,3.029873032755305e-26,1.914750879075118e-06,1.2813624355902778e-12,0.12387648687864786,7.304864586865046e-13,0.0,0.005982656398326645,0.029524295756049444,0.6340065955949871,0.007881516751000532,1.2456297533301947e-05,3.716016135202198e-09,0.0,2.5851052004470422e-05,0.009681741028724329,2.3149632789696847e-05,9.014925540575248e-11
58,1.3305927547678912e-07,0.0,0.034802282382028746,0.0,0.05210278490385428,1.8587298786918126e-09,0.0,0.0,1.924274177488347e-05,0.0,0.0,0.012167460525473609,0.0,0.0,0.0024840584368442217,3.957353902031488e-08,0.0,0.0,0.019725086679150437,0.8786989098393294
59,7.510898787473956e-10,0.0003849516298155516,0.07604378998733756,0.22505573843846324,6.852217082214001e-05,5.943564647505017e-06,0.1978637153240503,1.1309441388330218e-06,0.1575606461507512,5.2857835613996185e-06,1.1391410597314667e-07,9.09897641630865e-05,1.4520074055630549e-06,1.6121258517514631e-06,0.26835628619577745,3.2665781393639745e-06,0.0,6.7763760960030045e-18,0.06359451603539253,0.01096203863448672
60,0.0,0.0,0.0,0.0001386936380248348,0.0,3.248874386927817e-05,0.20145842305546635,1.0423189410424827e-06,0.0,0.0,1.8652919348979638e-07,5.826304586864118e-09,0.7971092130733962,0.0012599468148043083,0.0,0.0,0.0,0.0,0.0,0.0
61,0.0,0.0,0.0,0.0,0.018362128499638912,0.0,0.0,0.0,0.0,0.0,0.0,0.0,0.0002478490937280071,0.0,0.0,0.0,0.0,0.0,0.9813900224066331,0.0
62,0.443051020351344,5.952252927331992e-14,0.012188401280371538,0.001588036098435011,0.0005018560513522088,0.017765765758425967,0.22528188442309346,1.7538643947263653e-05,0.06807568809801715,0.0025011426668679507,0.009460912243079869,0.004868283189964937,0.08133971211676151,0.0003685656085426739,7.168162493475047e-09,0.008185688483337169,8.143389078285854e-11,0.12480549773551046,1.2930508568661931e-12,0.0
63,0.0008439649381444572,0.3224843967087615,1.7624028783049053e-12,0.0,0.03404965465890374,0.37145941794701953,0.019630394151839075,6.051762910950732e-07,5.837587272845612e-06,0.2037294600004835,2.5083042339435638e-05,0.0009498897763086914,2.3326613756818341e-07,5.769016606000455e-07,0.03937316535188132,0.0,0.006097168350735964,0.0013501521385117228,0.0,1.946667199891617e-12
64,0.0,0.3781405977921271,0.0,0.0,0.0,0.0001545387924144476,0.0,0.0,0.0,0.600592397461109,0.0,0.0,0.021112410093711467,0.0,0.0,5.586063803089319e-08,0.0,0.0,0.0,0.0
65,0.0,3.260424380033988e-07,3.4156555531906614e-06,8.444312559122736e-06,0.43541407459908016,0.19790375983582764,0.0,3.777790755882455e-05,0.00024939365196705835,0.0,1.3167586138576065e-09,8.297175817932327e-05,0.0,8.02598562682636e-05,0.22256905379160444,3.655928580424211e-06,0.002190727593563847,0.12556352134620438,0.01589261640385679,0.0
66,9.408004124278159e-12,0.0,0.0038107996191867675,7.775546580731786e-10,0.098346515334575,1.9461620382099827e-10,0.0,1.0245485384600085e-05,0.0,3.974570969125138e-11,5.720981186411339e-07,3.267324550110092e-06,0.11865709526261874,0.0,8.793137072107028e-08,0.0017708911997564075,1.5149997205712395e-13,0.7566854249685239,0.020620386677545302,9.47130768935987e-05
67,0.0,0.0,0.0,0.0,0.0,0.0,0.05565209513518969,0.0,0.0,0.0,0.8411063373345352,0.10323701994842106,4.547581854014605e-06,0.0,0.0,0.0,0.0,0.0,0.0,0.0
68,0.0,0.8754371078690057,0.0,0.0,1.0637359737297796e-09,0.0,0.0,0.0,0.046557043415518785,0.024014261988916943,0.0054319567794350815,1.5805708558739362e-06,4.746620689366003e-10,4.403987513202889e-11,6.520146761560091e-11,0.04855804408410983,7.376961907822268e-20,0.0,3.6445184191723158e-09,0.0
69,0.0,0.002389689157350523,0.20937884396829373,0.014298994149818714,0.0,0.022873726348237457,5.871169059845742e-10,0.002187841791542604,5.021627547741554e-06,0.6545067569852248,0.0,0.0,1.1095365975192977e-18,0.0,0.0,0.09402889416660408,0.0,0.0,0.0,0.00033023121826354624
70,6.942004890546559e-11,5.264830412585462e-05,8.823754161941033e-06,0.0,0.0009292290884878911,0.0,2.8425839283706008e-18,1.1699099256262495e-05,0.0028788106147722542,0.3863317017832498,1.2346302323549919e-08,0.0011376101087846083,0.03252519322660349,0.052127230761673395,0.0,0.24083370443539934,1.2145094599910112e-07,3.5850781220432234e-05,0.002792149332525101,0.28033521484307106
71,0.0,0.06855657657375729,0.02328392201449729,3.2704804387983378e-12,0.2838847193787485,0.003850796099913633,0.00500157602668679,0.0,0.0,0.009234677659915232,0.0017641894954575868,0.0,0.0011253459671404533,2.3719646479529875e-12,7.37049168400685e-05,0.11051335216216754,1.974965431627747e-07,4.09265359343964e-11,0.49271094216176353,0.0
72,0.0,0.0007847632107395322,0.0,0.0,0.0,0.0,0.0,0.07324126338173029,7.530259743401385e-10,0.007783865746596232,0.013072412598278158,0.0,0.005118872922186159,0.0,0.001988110677682198,3.4164608733787475e-06,0.0,0.0,0.0,0.8980072942488881
73,0.014796450182252008,0.0,2.9802696159600603e-09,1.7473419209652693e-09,0.8755285034980076,0.0,0.0,0.0,0.0,0.0,0.007859055799031005,7.202365778923686e-07,8.757741447660622e-12,0.016974269590286594,9.474700410063019e-12,0.0,0.016095764957043828,0.0,0.0,0.06874523099095703
74,0.005459396436362137,4.372989228149707e-20,2.1767191085974284e-13,5.8689159251576105e-05,8.524951158017254e-12,0.026102379879083874,3.844848535037129e-06,0.0,0.026489234956439383,9.160710308185598e-06,0.8267598979341882,9.512640489877656e-11,0.0,0.040003196007092505,0.0006039267989347148,0.07427027918788234,0.0,0.0,0.0002399939780528504,0.0
75,0.0,0.016450514693913527,0.0,1.2977362623718808e-06,0.0,0.0,0.8374798245801897,0.0,0.0,0.13428625910934827,0.0,0.0,0.0,5.4486235531478916e-05,0.011727617636349033,7.65836525412259e-14,0.0,6.961442828469238e-19,8.32927515789962e-12,0.0
76,0.0,1.1183672922881507e-17,0.0,0.11984412320621729,0.0,0.007288624243841134,1.889193220888442e-09,0.2571935118037349,0.0,0.0,0.0005586103505260171,0.0,0.0,5.914784835325255e-10,0.0,0.0,2.1671014502074884e-11,0.6151151278933379,0.0,0.0
77,0.00020069907414198962,0.7149892095915388,0.0,0.0,0.0,0.0,0.0,0.08393732352496462,0.0,0.0,1.5043326554209798e-07,0.16180133697540783,0.0,0.0,0.03902904003723636,1.5375253662861722e-06,0.0,2.3441777838007556e-06,3.835866029466025e-05,0.0
78,0.0,0.0,0.995583941567156,0.0,0.0014109466788546775,0.0,0.0,0.0,0.0,0.0,0.0,0.0,1.4828549676709835e-10,0.0,0.0014192101017910246,0.0,0.0,0.0015859015039127345,0.0,0.0
79,0.08033132373295333,0.8636168046795606,0.0,0.016468681778431145,0.0,0.0,3.5078302502257705e-05,0.0,0.0,0.0,0.0,0.0,2.193503355087317e-06,0.0,3.641059870005218e-07,0.0,0.039545553897210595,0.0,0.0,0.0
80,0.00010342344418730868,0.11463345721503045,4.3880292439074545e-09,1.2620514483372508e-08,0.0,1.6147510070069536e-09,0.0,0.0,0.0051380379691979275,0.0,0.0,0.0,0.0,0.0,0.5359413399243043,0.0,0.017121843038306894,0.0,0.0,0.32706187978567836
81,1.3824879920322454e-13,0.021993710347087622,0.9771010409605578,1.5128171589077535e-14,4.901465369873551e-06,1.461000002061127e-07,0.0,1.4367287077137325e-08,0.0,0.0,4.614732793901139e-18,0.0,0.0,0.00011061034810357171,2.4718159112174006e-09,0.0,2.4978524118749967e-05,1.0852885476116565e-07,0.00015302530742166686,0.0006114615792294725
82,0.0,0.0,0.0,0.0,0.0,0.0,0.0,0.0,0.0,0.0,0.0,0.0,0.0,0.9997255319348318,2.954040204197253e-10,0.0,0.0,0.0,0.0,0.0002744677697641105
83,0.0,0.0,0.0,0.0,5.177778316407615e-07,0.007008026838830711,0.00646277103202675,2.6494752520814043e-06,0.0,0.0,0.0,0.9862798294834418,0.0,0.00021978287914933836,2.559765478307334e-05,0.0,3.5662331756839816e-14,0.0,8.248586488574111e-07,0.0
84,0.0,0.0,0.0,0.0,0.0,0.0,0.7312727924959552,0.0,0.0,0.0,0.26865820934719437,2.0125458018707124e-06,0.0,0.0,6.698561104852215e-05,0.0,0.0,0.0,0.0,0.0
85,0.25991433398933306,0.001401370398500673,8.586975740850832e-13,0.06600531387468772,0.10702755644263919,0.003359895518276413,0.0,1.621289881619893e-09,1.2364162935083771e-34,1.2885613450815652e-05,9.017157401708099e-06,5.317749470892056e-07,3.1272167710833723e-09,4.6158621639888155e-06,1.6853359900961385e-05,0.0015326969261344066,0.09375120465606131,8.488764795084991e-08,3.704621420892514e-05,0.46692658857528047
86,0.01718052899849981,0.0,0.9762933530079508,2.987797329559994e-08,0.0,0.006526088115575979,0.0,0.0,0.0,0.0,0.0,0.0,0.0,0.0,0.0,0.0,0.0,0.0,0.0,0.0
87,0.008277740593721798,0.0,0.09556883882249928,0.0,5.402608466195296e-11,0.0,0.0,0.03226117512352601,8.458837505041735e-15,0.00043472510444744403,0.0,0.0,0.0,0.07951416919903069,0.0,6.523021679314674e-13,0.0,0.7839433511018653,2.2262577477392233e-13,0.0
88,3.0857588331462206e-06,2.2884366848764406e-07,0.0001403894735967289,0.00013812128992594865,0.0002705486266094555,0.021601111289118843,0.5445000466692032,0.20664835596926426,5.445510367600469e-05,0.07872144511023159,1.8326494165350937e-06,0.00015083879371416225,0.1237844441345052,0.0,0.0004956602348925795,8.211731883695125e-09,1.6539637911269434e-11,0.0001975176211857066,0.02329191019444672,9.439978686187794e-12
89,0.00014710205782950405,0.011476221195490901,9.711190266611504e-16,9.5110907078725e-09,0.007581526971294586,0.02102380766823877,2.2337142615495802e-06,0.036665377548813854,0.010372110600772793,0.0,1.0508491940197977e-05,0.015429922965749923,0.056618506176531094,0.0,1.3335099091428245e-11,0.1594795019438761,0.00029947572005036574,0.508390170464096,0.1725035249566277,0.0
90,0.0,0.025547286664442555,0.0,3.277388018522536e-05,0.0,0.0038720829616245393,0.0,0.0,0.029634820412541563,0.0,0.0,0.004025027931396895,0.0,2.9058971082928007e-05,0.0,0.8540095234004828,0.08284942577824353,0.0,0.0,0.0
91,0.0,0.0,0.0,0.0,0.0,0.0,0.0,0.0,0.0013805487249589883,0.0,0.0,0.0,0.0,0.8606051627038916,0.0,0.1282839309801308,0.0010964476036410475,0.008633909987377482,0.0,0.0
92,0.680796196443601,2.3847066288450336e-09,0.0,8.22083232621976e-05,0.08475995322449557,2.2613495297019056e-11,8.382469759810743e-06,6.808595068219982e-10,1.0743975046196119e-06,9.316843737512171e-06,0.004424633965809283,0.04035471135021875,1.6622963160257937e-10,6.571453369981496e-07,0.0,0.017564599819137286,0.0,0.17171958896653436,0.0,0.00027867379619322426
93,0.059896629736547774,0.0,0.0,0.0,0.0,1.2378154654308419e-05,0.0,0.003251742362779065,0.05554436496790124,0.86453239507563,0.0,0.0,0.0026974961169833377,0.014064600302677867,0.0,0.0,3.9328282641913574e-07,0.0,0.0,0.0
94,0.5490581433908037,0.0,0.0,0.030123693661488246,0.0,0.15633416209073908,0.0,4.254081369870328e-05,1.066322236793564e-05,0.0,0.0,0.0,0.0,0.2553381942411489,7.337588464654028e-09,0.0,0.009092595242164941,0.0,0.0,0.0
95,1.9426108715909327e-12,0.0,0.0,0.0,0.0,0.0,1.44655461891583e-05,3.5939733623239558e-06,2.691236765941078e-19,0.0,0.0,0.0,8.995222566068729e-06,0.0,0.0,0.0,0.0,0.0,0.9999729452559399,0.0
96,0.0,0.0,0.0,0.0,0.0,0.0,6.874973711508757e-07,0.0,1.2406828707590587e-13,0.00015369713193755488,0.2631697401894069,0.0,0.0,0.0,0.0,0.7365046514720367,0.00016883059532499104,2.3931137984540015e-06,0.0,0.0
97,0.999999999874164,0.0,0.0,1.258360042724995e-10,0.0,0.0,0.0,0.0,0.0,0.0,0.0,0.0,0.0,0.0,0.0,0.0,0.0,0.0,0.0,0.0
98,0.0,0.0,2.5445614888803487e-05,0.2731128400213902,0.0,7.061789420949662e-07,3.289519016240778e-10,1.0099279353659235e-09,3.744424572679128e-08,5.205405136178075e-14,0.7213187155900008,1.8518576685475778e-07,0.0,1.4096635605931501e-09,0.005541765876245591,8.1245570159183e-14,0.0,0.0,3.013398433617251e-07,0.0
99,0.0,0.0,0.0,0.0,0.004179002163171978,0.0,0.0,0.0,0.0,0.0,0.0,0.9958209978368281,0.0,0.0,0.0,0.0,0.0,0.0,0.0,0.0
100,0.0,0.0,0.0,0.0,0.0,0.0,0.0,0.0,0.0,0.9927735104708371,0.0,0.0,0.00722204528760075,0.0,0.0,0.0,0.0,0.0,0.0,4.4442415621766e-06
101,0.015030212080566173,0.0,4.5819126655745904e-08,0.0615416428832925,0.009153225454650707,0.010785874576747099,0.003420292315226411,2.2293494042095207e-17,2.56551095529105e-16,0.0038933773302669544,3.6808546300757625e-17,3.0717113698677714e-07,0.00011001123037863333,3.220734695137302e-10,9.240026063696246e-05,0.30041642898484944,0.019723387495909083,0.12666447299267145,0.022177635812695416,0.42699068526977163
102,0.2335491582655278,0.0,0.0,0.0,0.0,0.0,0.0,0.0,0.0,0.7578986574798628,0.00035973741088630816,0.0,0.0,8.778475888855161e-09,0.0,2.73262424708303e-05,0.00816511182277637,0.0,0.0,0.0
103,0.0,0.0,0.0,0.08580854785939585,0.0,0.17777982685493965,1.1596732012597058e-06,0.0,0.6010961995401963,0.0,3.594345826126317e-06,5.302256839564118e-05,1.5815214494607163e-07,0.0003432807167995386,0.015036041922307435,0.0,0.0,1.4262239490025692e-10,6.664136451694347e-11,0.11987816815752976
104,0.0,3.7542082208224574e-10,0.0,0.00017083696669861748,1.818491266179233e-07,0.9947764739963709,0.0,1.5590629460976718e-16,0.0,9.259147486779404e-13,0.0,4.5005330739215616e-13,4.1506380302600593e-13,2.111845290648907e-07,5.608938630578861e-14,8.1377150306726935e-19,6.308322456098824e-07,4.947151242023361e-06,2.8537924086757503e-06,0.005043863850110529
105,0.002165438258152145,0.0,0.3088859460540238,0.03789954600931279,0.0,0.023897435548493526,1.176641969555693e-05,5.443337006600202e-10,0.0,2.8907540650766764e-06,7.319330186459481e-06,0.5706285346886902,3.4160869670368674e-07,0.0,8.367738610802509e-06,0.010054320079949197,0.04639902930772702,3.9038862335051945e-05,2.4793813932812937e-08,1.913909748113078e-12
106,0.0,0.00041871233959122337,0.0,0.0,0.9995812876604088,0.0,0.0,0.0,0.0,0.0,0.0,0.0,0.0,0.0,0.0,0.0,0.0,0.0,0.0,0.0
107,0.0,0.0,0.6418315285258879,0.0013205568454944176,0.0,3.7149420029750165e-09,2.1917597439059627e-05,0.05354281259812774,0.0283103228338983,0.0,0.13336238186333588,0.06713908133212651,0.0,0.0,0.0,0.0005048101090558388,0.07142366843418951,0.002542916145502893,0.0,0.0
108,1.554635345557969e-19,0.0002661863497978446,0.0,1.4247078837305814e-06,0.0,0.0,0.0,0.0007851245660963973,2.683803767410571e-26,0.0,0.0,0.006622718910682875,0.0,0.07286322251954375,0.9188572892819472,9.101911567670715e-05,3.832234291222415e-09,1.8573546084304226e-18,0.0005130107161373968,0.0
109,1.8985459825432926e-09,0.1002780135619694,0.0,0.0024575523724817334,0.0,7.08624269130709e-08,0.0,0.0,0.0007847622162807613,5.034381714792755e-06,0.11800269778364858,0.0,0.0,0.0003402360603871723,0.2292087222986063,0.0,0.5489227597205548,0.0,1.488433835164571e-07,0.0
110,1.7747840401175345e-05,1.894944206780349e-07,0.003293514531109751,1.6936863101191324e-08,0.0006563220634682279,5.270032174517427e-06,0.2202670038700227,4.292859626870999e-06,6.010450857959581e-19,0.08912161808260372,0.5598402273722645,0.007651113052687956,0.06467119624904122,0.00977147140809119,0.010414154735541832,1.2851273360598029e-05,4.571728747077656e-08,0.0,0.033997237348308146,0.0002757271327262901
111,0.0,0.0,0.0,0.0,0.0,0.0,0.0,0.000518955550581378,1.5105163547498376e-06,0.5217572839943962,0.0,0.14322092425731944,0.33369413307162155,0.0,0.0,0.0008071926097266513,0.0,0.0,0.0,0.0
112,0.0,0.32080332405994044,0.0010145260768047184,0.004857704146824497,0.0,0.08169368067470031,3.173408053588787e-07,0.05238305671092286,0.0813864793468757,4.139845725930219e-06,0.05844633584578864,0.00010443780792293636,0.09376118537786204,0.0,3.108058914551998e-07,0.0939138236280809,0.0,0.0,0.1617435240256731,0.04988715430618108
113,2.9352533309293814e-05,8.755787736445056e-05,2.049220816893711e-13,8.324280386477919e-05,0.2454083722802939,0.00020814554209318216,0.003237450250434676,5.5754489430347866e-14,0.20102492294537253,9.555184186354415e-16,0.0,0.0009362323050942083,0.0,3.3420128292205735e-06,0.0695300727987087,6.550073235569545e-06,0.0017652112005039238,5.8271685342588885e-05,0.060276096352481864,0.4173451793388098
114,0.010647433624691829,0.0,0.0,0.0,0.0,0.0,0.0,0.9893525663753082,0.0,0.0,0.0,0.0,0.0,0.0,0.0,0.0,0.0,0.0,0.0,0.0
115,0.0,0.0,0.0,0.0,0.0,0.0,0.0,0.0,0.0,0.22470908520549723,0.0,0.0,0.0,0.0,0.027145457207021384,0.7481454575874812,0.0,0.0,0.0,0.0
116,5.952896810832164e-15,0.15261346976810614,6.957180172072946e-06,0.2922481388282501,0.024819568358512355,0.048707322226923686,0.02219983054004915,0.0,0.06614824176908074,0.0,0.0050586553585065,0.32030525157731493,2.3018514109040777e-06,0.047073785670013676,0.0,0.0,1.5646200973955e-07,0.0021980961509819544,0.018618224258661942,0.0
117,0.021617024846500823,5.991721597427231e-10,0.0,0.12950564743443493,1.3405215981931518e-07,0.48066130361859205,8.100527636397233e-05,0.0,0.021209687982183808,0.0,0.0037424943848750145,0.0,0.14212400023689067,7.126693497812584e-13,0.1825268825762878,0.013587583487066117,0.0,9.114824139540467e-11,0.0,0.0049442354136119545
118,1.9540441917197265e-10,0.0,0.0,0.0,0.0,0.0,0.0,0.0,0.0,0.0,0.9999957644582954,0.0,0.0,0.0,4.235346300243107e-06,0.0,0.0,0.0,0.0,0.0
119,1.38586513627016e-18,0.5629397505866011,0.01835892865578666,0.0014903282504158527,1.6351435064478466e-14,0.0,3.977564555227628e-11,0.4056054272773255,0.0,0.0,2.5567738474485416e-06,0.0,0.0,2.576241775113064e-05,0.011576977834861097,0.0,0.0,0.0,0.0,2.6816361913747354e-07
120,4.8463124507760775e-12,0.0,0.007170518304798866,0.0,0.0,0.00507737892571223,0.0005535770704821921,0.0,0.0,0.0,0.0,0.09723164829366204,0.0,0.3178648318720789,0.0,0.025754436427346056,0.37974610275871407,0.0,0.1666015063423593,0.0
121,7.947104775477432e-07,5.130460916759131e-05,0.0002593747393206604,3.5424519806163883e-06,0.0,3.264760491911783e-05,0.002367625956103725,1.1065699618138665e-10,0.0,0.00023660725523955514,0.0,0.04715354513620981,7.295084070132223e-16,0.0001471732829403163,0.0,0.007075123728162564,0.020121565959581596,6.7282483815546885e-09,0.9225506877269908,0.0
122,2.473849375903491e-06,0.0,0.3314748919780553,0.0,0.0,0.0,8.69340779236243e-13,0.02026087805183455,0.0,0.0,0.0,0.0,1.0858929967677938e-05,0.6482508949381598,0.0,2.251737364251427e-09,0.0,0.0,0.0,0.0
123,0.0,0.0,0.0,0.0,0.0,0.0,0.0,0.0,0.0003343322984391797,0.0,0.0,0.0,0.9996656677015608,0.0,0.0,0.0,0.0,0.0,0.0,0.0
124,0.0,0.0015589627572896345,0.16056552317445646,8.583820389311969e-06,0.006241629749800622,0.01256170549231513,0.5379172060880175,2.184130872583304e-05,0.0,0.24030329290954847,3.5920667641274815e-10,1.2700396345851298e-13,0.0,0.0,0.04082114590285279,0.0,0.0,2.3038661083241148e-09,2.025437545040314e-11,1.0611314994547828e-07
125,0.0,0.0,0.00047745471292911655,0.0,0.27377452143770353,0.0,0.0,0.0,1.0097414588465927e-08,0.0,0.0,0.0013760627757414539,0.0,0.0,0.0,0.0,0.7243719509449456,0.0,0.0,3.126589936085111e-11
126,0.03705015374990773,0.0005661200026753406,2.947429264417288e-14,3.7966236881547255e-13,5.285562631494149e-07,1.6335846272705435e-05,8.160070316226522e-06,0.003986276031978738,0.1005889651089607,0.2503094883014336,0.006242684462868083,0.0029358293551029597,0.011131140809938236,0.13742374419780917,0.014536846255378506,4.8749530405241986e-11,0.005763653693055408,0.22741893531337684,0.202021138195504,0.0
127,0.0,0.1510427822548925,0.0,0.000797725736361307,0.0,6.357267481818344e-05,0.0,0.0,0.0,0.0,0.0,0.0,0.0,0.8480959193339279,0.0,0.0,0.0,0.0,0.0,0.0
128,0.0,0.0,0.0,0.0,0.0,0.0,0.0,0.0,0.0,0.0,0.0,0.0,0.0,0.0,2.3159718975392747e-05,2.3827351925914304e-05,0.0,0.9999530129290987,0.0,0.0
129,0.6235575508912956,6.445844374265716e-17,0.0,7.039448853655519e-08,0.0,0.12755091905674948,1.2543268306426073e-12,0.034602239298181715,0.0,0.0,0.0637006248259124,0.0023752006301743438,0.0006814288372033538,0.09921923257851856,0.0007602064372176862,0.0,0.0,8.728882962048676e-05,7.801859717909239e-05,0.04738721962220433
130,0.24699149781228466,0.0,0.0,0.0,0.004238989703922929,0.0,0.0,0.0,0.0,0.7469181885357269,0.0,6.574145660078238e-15,0.0,0.0,0.0018513239480588328,0.0,0.0,0.0,0.0,0.0
131,0.0,0.0,0.000297376029450521,7.486106328295446e-10,0.0,0.0,0.49423892784676887,0.1090596395563209,0.0,0.0,0.00024508674364288673,0.005816495461579563,0.38648623721385345,0.0,0.0,0.0,0.002897014552134735,0.000958945320079669,0.0,2.7652755876961296e-07
132,0.0,0.0,0.0,0.0,0.0,0.0,7.089772121760882e-16,0.0,5.404070180982786e-05,0.0,0.0,0.006257317400956716,0.0,0.0,0.3403245563518309,0.0,0.0,0.0,0.6533640855454017,0.0
133,0.0,0.0,0.0008277994147519527,0.0,0.0,0.0,0.0,0.0,0.006323740169858931,0.0,0.0,0.03992792383697326,0.0013125322870365724,0.28174811649084364,1.2613889142822651e-14,0.0,0.0,0.0027436513181463406,0.0,0.6671162364823768
134,0.0,0.0,0.0,0.0,0.0,0.0,0.0,0.0,0.0,0.0,0.0,0.9998742769621266,0.0,0.0,0.0,0.0,0.0,0.0001257230378734246,0.0,0.0
135,0.0,0.8907245885321319,0.0,0.0,0.0,0.0021083055480989187,0.0,0.017576544072634804,0.0,0.0,0.08944364796722024,0.0,0.0,0.0,6.82718398324265e-05,0.0,0.0,7.864160586974732e-05,0.0,4.342118734408571e-10
136,0.4924438566979881,1.970294688774194e-05,0.0005275320941104439,5.0105014420033204e-05,0.1415404450840452,2.7916842425835214e-12,0.0,0.00019523561985230515,2.89290078515387e-07,0.017560497806321122,0.0,1.601256164898246e-05,0.00010057889222281435,0.0,1.7875916391688424e-10,3.9747283890945816e-07,0.18990966998626532,0.06903242787395973,0.08860324847781009,0.0
137,0.03835771656679296,0.0,1.135895272617427e-06,0.0,3.792022616910985e-19,9.005994197829966e-06,0.6978718280470032,0.06310067646460943,0.0,0.10640122140789457,0.0,6.005112875962937e-06,0.0,0.020973225799225486,0.0,0.07187065279388925,0.0,0.0014085319182386984,0.0,0.0
138,0.0,0.0,6.126717910085339e-09,0.11083862310756089,0.0010465454847729783,4.2096217432450284e-08,7.712175580247804e-08,3.498573515467622e-08,0.0004246900730616774,0.12537706401286397,0.0,0.0,0.0053368295631013715,0.7262896922387925,0.0,2.729105489429484e-06,6.05427640890089e-05,5.607668956395202e-06,0.00018253883053393876,0.030434976820351612
139,0.011026727243331346,0.0001943753871955334,0.0,7.016315645720589e-05,0.009050286111294367,0.028811545517078836,0.0,0.00019990819614536395,0.7257735585079659,0.15802325008970167,0.06677054716061546,9.254518704431266e-16,1.1680563542866503e-08,2.8524994728274362e-15,7.730448310278795e-13,4.4262014858563894e-11,1.8507442886026576e-06,2.0025899176398163e-06,7.572717545106874e-05,4.639495462067834e-08
140,0.6389917451676073,0.0021592300792707643,4.298463360946934e-08,0.0,1.306200719202229e-11,0.0,5.518318538569708e-12,0.0,0.0,0.006707072977120142,3.2314129742028757e-12,1.305137716784723e-06,0.0,0.045351229669471686,0.00246849438097622,0.0,0.3031620185016497,2.120535723590162e-06,0.0011567405440184796,0.0
141,0.0,0.0,0.009842361629420274,3.487501003691756e-16,1.4744706907117307e-05,0.0,0.0021474090210458472,0.0,0.9811843123916197,9.559372589014042e-06,0.0,8.75746718890402e-07,0.0,0.0,0.0,0.0,0.006800737131698726,2.2638045985633614e-18,0.0,0.0
142,0.0,0.7400760020874242,0.0,2.50582172952761e-05,0.0,0.00019883217459405446,0.0,0.09393301614226345,0.0,0.0,0.0,0.08080011166649974,0.0,0.0,0.0,0.0,0.0,0.0849669487057664,3.100615687059864e-08,0.0
143,0.0,0.00011493304725232364,5.045813333363924e-10,6.009436156602275e-06,0.40145056895445136,9.085458350734716e-09,0.09371568663163231,0.18762411779564042,0.09800520117674834,1.998171040471163e-06,0.0005507693916017014,1.080543874050449e-08,0.21727865179123626,0.0,8.968467896520552e-09,0.0,0.0,2.549306480521321e-05,0.00014551234337546363,0.0010810288321134367
144,6.094695301586833e-12,1.0257807674653864e-11,0.0,0.0,0.999127362976124,0.0,0.0,0.0,0.0,0.0,0.0,0.0,0.0,0.0,0.0007017867126737136,0.0,0.0,0.0,0.0,0.00017085029484962936
145,0.0,0.0,0.0,0.0,0.0,0.0,0.0,0.0,0.999877950243105,0.0,0.0,0.0,0.0,0.0,0.0,0.0,0.0,0.0,0.0001220497568950716,0.0
146,4.59603061196894e-10,2.9562864981625326e-14,0.13176504211527335,0.0,0.0,0.0,0.0,0.0,0.0,0.36046702474093956,0.0010065419317361196,0.136240809051165,0.0,3.82378319572391e-06,2.4957186917573e-19,0.3704844574068162,0.0,0.0,3.230051124145082e-05,0.0
147,3.5927779521062745e-06,0.0,5.663758116022466e-06,2.197859035099167e-05,0.0,0.0,0.0,0.0,0.0,0.0,0.0,0.0,0.99905819216948,0.0,0.0,0.0,0.0,0.0009105727041008379,0.0,0.0
148,8.452163807700014e-06,2.1065882219164868e-10,0.004326181998740349,8.813926411861717e-17,1.619311258065023e-17,0.0,0.00022329712602465587,0.0,0.15164025080517365,0.6567465784992998,9.072929214678989e-17,0.12407661602540183,3.7264422507750365e-11,0.0012909419005568776,0.0015628942007044455,2.7923019335102946e-05,0.0008222067251375194,0.0021353946757975235,1.2891205100692848e-08,0.057139249720891884
149,0.009762606736858843,6.5998636919903575e-06,2.5584905566904688e-05,0.047930019204014594,0.0,0.17216873144316328,0.5253238880645994,0.2275035433743541,8.013538073906728e-06,4.024309055982359e-07,1.811076888503737e-05,6.287600903540262e-06,1.7015737140213491e-06,0.0,0.0,0.005979656607717359,0.004577733775051559,1.2906185548526486e-15,0.0007093077382361341,0.005977812374262327
150,0.0,0.0,0.0,0.08471482655359991,0.0,0.0,0.0,0.0,0.0,0.0,0.0,0.0,0.0,0.0,0.0,0.0,0.6337990526357413,0.0,0.0,0.2814861208106589
151,0.009203514400273527,0.0,0.0,0.0,5.029760117159276e-05,0.1528971994198997,0.0018232434490945788,0.4874593898320672,0.0,0.0,0.0,0.0,0.3409727053397667,0.0,0.0,1.1775725423255086e-12,0.0,6.933949468438196e-14,0.0,0.007593649956479833
152,0.2693222891472861,0.0,0.0,0.0,0.0,0.0,0.0,0.010957860080478015,0.0,0.0,0.0,0.0008534929322131957,0.7188663575985073,0.0,2.4151544863565637e-10,0.0,0.0,0.0,0.0,0.0
153,0.0,0.0,0.0,0.0,1.8874711249544764e-05,0.0,0.0,0.0001314575209673106,0.0,0.0,0.0,0.0,0.0,0.0,0.0,1.3190309225652523e-11,0.0,0.9998496677545929,0.0,0.0
154,0.0,0.0,0.008896635817768807,1.7360267601237471e-07,0.9550073141669356,0.0,0.002876744187364043,0.0,2.0389741890566003e-05,0.018076904865264226,0.014179292971055258,1.4380491424808379e-08,0.0,0.0,0.0,0.0,0.0,1.7169727689085395e-05,0.000925360538864846,0.0
155,0.0,1.0392180396041137e-06,0.0,0.0,0.8482788815268762,4.7181160786740715e-07,0.0,0.0,0.06771052026524564,0.0,0.0,0.0,0.0,0.0,0.0,0.0,0.0840090871782308,0.0,0.0,0.0
156,0.0,0.0,0.0,0.0,1.2964990787335121e-10,0.0,0.0,0.0,0.0,0.0,0.0,0.9999999998703502,0.0,0.0,0.0,0.0,0.0,0.0,0.0,0.0
157,0.0,2.7744805723541516e-07,0.0,0.0,2.093574916356794e-10,1.1596514046118645e-07,4.0982280434444655e-06,0.32777991782372734,1.1609216875007524e-09,0.022261674852715727,0.0,0.0,0.00034289113992669524,0.0,0.0,0.0,0.6495738058562103,0.0,3.721731589973166e-05,0.0
158,0.0,1.881334584112519e-05,0.06258116262215228,0.0,0.1565172413249986,0.0010172750783211746,2.4738055887692924e-05,1.0632925597591825e-09,2.971828012279014e-09,1.393042044879861e-07,0.04353816153559002,9.9855590394076e-10,0.03740912458819156,0.06614066803950261,1.3001648959478751e-08,1.971490198844259e-11,4.3826599186722544e-08,0.6306813027879615,9.46737389921527e-06,0.002061844061809993
159,5.229156414805044e-10,0.0002009097249757452,0.0,1.977393864858702e-08,1.2112465675243369e-06,0.13175622064908274,0.472506965789248,6.251370251982419e-07,0.0,6.477796241732181e-05,0.0016655680215696732,1.3504615778335736e-09,0.04262539256067438,4.357694352841359e-16,7.561066894442904e-10,1.0224055610969955e-05,1.931306372362018e-25,6.62338916898949e-06,0.14982736633600977,0.20133409272422662
160,0.0,0.0,0.0,0.0,0.0,0.0,0.0,0.0,0.0,0.0,3.7851190437022235e-06,0.0,0.0,0.0,0.0,0.0,1.0728963692730061e-16,0.0,0.999996214880956,0.0
161,0.0,1.2575255000981717e-07,0.0,5.845067255355637e-10,0.0,0.2879083868321658,0.40173646559812054,1.0214267065879805e-11,7.929378190292254e-05,3.4183173398557154e-08,1.4799737495972726e-10,0.150030839741225,2.3625171726474844e-30,2.230294045364212e-09,1.5512162058940006e-09,2.545494711308956e-06,0.0,0.1601969001757817,4.538923254834348e-05,1.4683592305607001e-08
162,1.4312776257287512e-06,0.0,0.27358112801640394,0.0,0.0,0.0012903076564989293,0.699189353697835,1.8978513396564717e-14,0.006298550804335395,7.45649056374734e-05,0.0175499429594993,0.0,7.41980159929632e-05,7.744353904200565e-05,3.798375014448185e-06,1.5499438908010192e-07,0.0,0.0,1.656505995929216e-05,0.0018425606977475325
163,0.0011593257452561189,1.1519244385735508e-10,4.613444105522383e-08,0.015008497957696147,5.149821471183047e-06,6.584669906718742e-10,0.001097498339995302,0.0,0.0,0.0,0.005620228799895129,0.0,0.06420224392556538,0.0,0.0033833548677876944,6.820746436088245e-05,0.0038055184417995196,0.010050928411303768,0.8955989993167687,0.0
164,0.008267720936414062,2.33014512779197e-11,2.5898690913586957e-07,0.0955295288540698,0.4391888946540331,0.0,0.0769046188351586,0.0006720313953918912,0.0002778170964480333,0.00019912231953443457,4.3361214836380757e-11,0.00011205435851861854,0.28936077937994226,0.03173009335078233,3.88076541808825e-14,1.8469953344722775e-06,0.005026342532112529,0.02345704821808056,0.0019975851255646113,0.027274256895004064
165,0.0012870026478273647,0.16358129853630055,0.0,0.07315449602213539,0.00032636788021596336,0.31689261005255287,0.03250259995037725,0.00011882324334918095,0.32129229381034974,3.74897184778765e-06,0.0,0.037107668011204804,0.00033468729045054883,0.05022527560275012,1.2321168306953815e-12,0.0,1.388911620763011e-10,1.9247443977385672e-08,0.003173108553124962,3.994612036669587e-11
166,0.0,0.0,0.0,0.000747883655390602,0.07364094059867442,0.023685355240036433,0.0,0.0,0.0,0.007115092556717101,1.9445723269217383e-12,1.9883733866650318e-09,0.0017097734921843746,0.020538702935657082,0.0016921321779750733,0.8708421558141957,0.0,0.0,4.980286324805468e-16,2.7961538850742603e-05
167,2.0973618963835626e-17,0.0008709809816169253,0.0,0.023448676532595816,1.1912100575868388e-07,0.18914210108158658,0.0,0.0,0.0,0.7176022984487151,0.0,0.0,0.0,1.3795288392629404e-05,0.0,0.0485495475628865,9.2520584728749e-05,0.0,0.0028378259974581634,0.01744213440101377
168,0.021205538472754464,5.020468573747161e-16,0.0834547265971158,0.0,2.3293483640358818e-27,0.0008381819189428174,0.0,0.0,0.0,0.025601952101024318,0.0,0.726448698517007,0.0,0.12996076426431838,2.703527908704912e-05,3.593134789974692e-07,0.0011816625039249174,2.1781613555842623e-11,0.011281046245108796,3.476545527334406e-08
169,1.8370892073826953e-05,8.476629087755454e-12,3.2080296703993995e-13,1.0147482566110193e-11,1.8246101940875773e-08,0.11394810467746277,0.0,0.09367749838094849,0.002910440019687766,0.0,0.03431654400936897,0.4835770447497251,1.355249023653617e-05,7.234886715331211e-12,0.06548627523446486,0.0002299860985248469,0.20542241376924025,0.0003997514059847746,0.0,0.0
170,0.0,0.0,0.6887595464626936,0.0,0.0,0.0,0.0,0.0,0.0,0.0,4.208584166509655e-06,5.069294740711712e-05,0.29201493588826466,0.0,0.0,0.01917061611746833,0.0,0.0,0.0,0.0
171,0.004253092215508952,0.0,0.0,0.0,0.1336544082666922,0.7440628910344443,0.0,2.30086028833697e-06,0.0,0.11802724516624813,0.0,8.070974520879623e-10,0.0,6.164858014145742e-08,1.1405835765628956e-12,0.0,0.0,0.0,1.0169667553246129e-18,0.0
172,0.0,0.833366722912264,0.0,0.0,0.15654584770275914,0.0,0.0,0.0,0.009915787665220069,0.0,0.0,0.0,0.00017164171975683328,0.0,0.0,0.0,0.0,0.0,0.0,0.0
173,5.568823209773777e-07,5.995201899831259e-06,0.0,5.893506112786094e-09,2.738823957991816e-08,0.0,0.0,0.0,0.0,0.3532771266524486,0.0,0.021263469370452072,0.0,0.0,0.62376953372743,0.0,3.826922992802366e-08,0.001683246614472768,0.0,0.0
174,0.0,0.0032546043436124487,0.4343524126194562,0.05019462912523957,0.1881590146646455,1.962854950733999e-05,0.0,8.52173447818619e-18,0.030119700460480715,0.06140061390616668,2.0989725688923005e-20,0.002312994951020093,0.0,4.2414732014389834e-10,0.0,5.746341168007048e-11,0.23018639977141103,0.0,0.0,1.1268497463963035e-09
175,0.0,0.0002003315056324908,1.874993570114168e-07,1.087362996711626e-09,0.9046181666553248,0.0,1.1922907314792903e-07,0.0,0.0,0.0,0.0,0.029217980620340908,0.06595111084435577,0.0,0.0,0.0,2.041213381953422e-06,0.0,2.5419955256329007e-12,1.0061342628956485e-05
176,0.014939649862096902,0.0,0.0,3.82038965087531e-06,0.0,0.0,0.0,4.183014167974307e-17,0.0,0.0,0.0,0.0,0.026534764075289114,0.0,0.9585217656729631,0.0,0.0,0.0,0.0,0.0
177,0.0,0.0,0.0,0.0,0.0969398522805392,0.0,0.31104315442598196,0.0,0.0,0.0,0.0,0.14582341951256217,0.43204534526979876,1.475751602959175e-06,0.0,0.0,0.0,0.014146752759514984,0.0,0.0
178,0.0,0.0,0.0,0.0,0.0,0.0,0.02061115788259091,0.0,0.6080631960677261,0.0,0.0,0.0,0.0,0.0,0.0,0.37132553887976705,0.0,1.0716991597143609e-07,0.0,0.0
179,8.997673930590808e-11,0.057390819737388715,0.09509047928539809,0.034853556761548304,0.06857683348377543,0.0193797231837271,4.27512868250508e-05,0.04475730252546809,0.0,4.737252248930577e-07,0.28346608896791564,0.07334661098548019,0.011032171773533238,0.0,0.00036766135126621065,0.035147195566307,5.619277692252346e-08,0.21573193912844943,0.020814035155461097,0.04000230079947782
180,0.0,0.0,0.0,0.0,0.0,0.0,0.0,0.0,0.0,0.0,0.0030915002686315377,0.0,0.9969084997313686,0.0,0.0,0.0,0.0,0.0,0.0,0.0
181,0.15311348192883606,0.07159003007556951,6.477617797262208e-05,0.00019156689020730298,0.00046512458972393735,0.15842506172135784,4.73517315264085e-05,0.0003325549521437422,7.541732463360972e-06,0.00027835156470165667,2.2763680557502258e-05,2.499306939048293e-12,0.02148136693028913,0.0992008147496661,0.014353245574129696,1.8043382180820818e-09,0.2685069821299936,0.21190424412979564,0.0,1.4739634228372749e-05
182,0.05893472910934514,3.952074695401953e-06,0.0,0.0,0.23643081848680947,2.4847255384161106e-05,0.0,0.0,0.19231035613769923,0.0,0.0,0.0,0.023469651819851604,0.0,0.48876452938002213,0.0,0.0,3.953635679088251e-05,2.1579379402028127e-05,0.0
183,1.3191418166138807e-07,0.013345791495035366,0.01778478881943818,0.0061468839782660295,7.199291316343333e-12,0.0025821873267266506,0.09732555448989431,0.00030436774640571913,0.5072244488210129,0.10996987302553637,0.2037379126628914,1.8355636583844165e-20,0.0,2.2186094902968814e-06,0.0014677497961664684,5.0849463547014176e-05,6.659706985691616e-07,0.04005657587350993,0.0,3.821852756246746e-18
184,0.047122565594757915,8.84031797869802e-06,0.0449420443601704,0.000445721815329787,0.0,0.0,0.027202290817686027,0.0,0.04471266543212418,9.036625791421071e-06,0.022722770685954855,0.07169838434796331,0.005303023765215588,0.0,0.21438954846823935,2.4093527341284314e-13,0.03514983684074497,0.4862932681956704,2.7321321392273556e-09,0.0
185,0.0016020577706189702,4.109864579576031e-13,0.10509948034304385,5.204096625152713e-07,2.399268901791616e-10,0.00042718661852914937,0.074799597464558,2.609056516227373e-05,2.209428683236539e-09,0.00036939912302241064,0.014539085479227462,0.7626311572110765,0.008679918717797313,0.0,1.690119254401008e-11,0.0006045101385561415,0.02985765706301264,5.176335766909238e-06,0.0,0.001358160293298198
186,0.05812308762530299,0.0,3.1252568225124163e-09,1.9430854526137498e-05,0.008414037486627002,0.8112717536492231,0.0,0.0,7.180268464145207e-20,1.854722630975629e-07,0.0,0.0,0.11364995193737414,0.0,1.0763826728676187e-17,2.9765523301554203e-13,0.008508787482386095,3.321291000261055e-11,0.0,1.276233353018771e-05
187,0.0,0.005425426239208829,0.0,0.0,0.0,0.5835180454175802,0.0,0.0,0.0,0.27082812333417566,4.189196764960952e-09,5.1798389082509645e-08,0.00158018576061579,3.099351422445394e-07,0.017437695217983145,0.0,0.12121015810770819,0.0,0.0,0.0
188,0.0,0.0,0.0,0.0,0.0,0.0,0.0,0.0,0.0,0.0,0.0,0.953286523418178,0.0,0.0,0.0,0.0,0.0,0.046713476581821956,0.0,0.0
189,0.0009480361101272787,0.0,0.0,0.05878741794457323,0.0,0.0,0.0,0.0,0.0,0.0,0.0,0.0,0.0,0.0,0.9402645459452996,0.0,0.0,0.0,0.0,0.0
190,0.0776776253559875,0.0039859294513580204,1.861499579478342e-15,0.0,0.020312779040640078,6.834721114005324e-14,0.0016346696634221558,5.117821297425209e-13,0.00017171507475521782,0.0,0.0,2.7253846873491197e-06,0.020229054121330792,4.010546461682848e-12,8.355480782856555e-07,0.8610494346276106,0.014932024588755283,8.027316419784073e-12,0.0,3.207130754788908e-06
191,0.0018568065110031234,6.7665704002099275e-09,0.10932602918545078,3.3473034727428853e-08,0.09724792091139042,0.031146144377800042,0.0,0.021798414230006,0.0,0.4766256489695961,1.9340379621696374e-05,9.727592195089929e-06,0.002147387497918338,0.0009266188010405765,0.0012872166250172013,6.433029726172074e-27,0.002649695978829916,0.24892341725168635,8.683714574958358e-05,0.005948754303089928
192,0.0,0.9234427257067156,0.0,0.0,0.0,0.0,0.0,0.0,0.0,0.023925325134119987,0.04687904371886234,0.0,0.005752905440302088,0.0,0.0,0.0,0.0,0.0,0.0,0.0
193,0.0,0.014430421887102765,0.0,0.007984849557371314,0.103687665716273,0.0,0.0,1.1703764612832122e-12,1.1309978553058085e-11,4.674985880196517e-12,6.994187854333269e-14,0.0,0.3031825888833523,1.3001402606686762e-06,0.5706594073591514,0.0,2.06432903270345e-08,1.2825347971109921e-11,0.0,5.374578314771921e-05
194,6.041659913861935e-07,0.0,3.3459595782475977e-09,0.0,0.03434322042947829,0.0,0.0014875884842618986,0.0,0.0,0.15856756540198996,0.00010246582184615401,2.5646413842323738e-08,0.6132360087349046,0.0,0.03744585606716041,0.07415329701383723,0.0029622783798941782,0.07770108650826225,0.0,0.0
195,0.0007332798136116003,0.011319326333527125,0.011148775432364309,0.0,0.0,0.0,2.792381461587704e-07,0.0,0.0,0.31407854816857883,0.0,0.05628392392512179,0.0,1.4132187356849748e-06,0.0,4.236636415981305e-07,0.003884406462358737,1.9392225781019386e-10,0.6025496235499919,0.0
196,3.2481398655311815e-05,0.0012887434541796862,0.01812752948048134,2.1637204587538463e-13,0.00010665144270183216,0.010454328137354607,1.0595827986222227e-05,0.03411691555058811,0.001868894275309879,0.04693850678163927,4.297722969606574e-08,2.8261073963426903e-09,0.0,3.3228344608371197e-13,0.3600211190614737,8.906544093062339e-11,0.40015716949037444,3.910463676613275e-09,0.12687434009351453,2.6752023259444715e-06
197,0.0,0.0009575507905125215,0.7433367916989946,1.2679390114010248e-09,0.0,0.0,0.0,0.0,0.0,0.00031177366870884735,0.0,0.0,0.0,0.0018780688834044434,0.07286726107694542,0.16920552204426917,0.011443030568781426,4.445645823628847e-13,0.0,0.0
198,0.001934424254588951,0.0008709440983200172,5.1201504689894876e-20,0.012377903206980052,1.0491239300312525e-08,0.28922830007648187,0.0003945504814488014,1.3543997229869172e-07,0.5373444401619158,1.423643721777962e-08,0.11032008860319817,1.080762990768663e-05,0.0273138138178377,1.2317739361652872e-19,1.4490626153082192e-08,0.0,4.255138274817223e-06,3.0345659615460544e-06,9.157712348313041e-06,0.020188105594461037
199,7.510567778869067e-05,0.0,0.011437779046238473,0.0,0.0005925815935326869,0.0,0.6136817064948688,0.13505312865748184,0.0003094207114534658,2.923680498442814e-05,9.735459571637261e-13,0.00539628408887656,0.00023995825299696102,7.746654226672299e-08,0.07407391419872078,8.123946357699515e-05,4.0074007997923066e-05,0.0,1.0946730252818265e-06,0.15898839886094152
200,6.641620500925761e-07,0.0007891147881962437,0.7349281358613369,0.0002675733203715477,7.275978739770784e-05,0.00020263195764355234,0.0,2.006540199643221e-08,0.0,0.010033904034973399,0.00411207936126517,0.11049875672401414,0.01011770578098181,2.06976070587282e-05,0.026359394315970085,0.00024342255227168227,0.07080923265088954,0.0033166063480646957,0.028227139101198864,1.615809138425213e-07
201,1.9942672446575283e-05,0.0,0.0,0.3651230348587144,0.005062958201490135,0.0,0.0,0.0,0.0,0.0,0.011755922466644886,0.0007956917326587603,0.00010968593540325754,0.2895491044461796,0.06912706701057034,0.1644101409983844,0.09308951480324022,1.8631323117639665e-09,0.0007607476705999718,0.00019618734053522134
202,0.0,0.0,0.0,0.0,0.999995592228109,0.0,0.0,0.0,0.0,0.0,0.0,0.0,0.0,0.0,0.0,0.0,4.4077718909431295e-06,0.0,0.0,0.0
203,0.1464800688782036,4.428322011966439e-05,0.13408464769430173,0.1690437520403795,3.875305289639618e-12,5.156042828898298e-09,0.0013246664662676971,1.2099772429067904e-08,0.0,0.007461437815589925,1.9931707692685074e-07,2.1743151152861995e-11,0.026082567738299024,0.1691166022782261,0.004909535405226996,0.3414316464828301,2.021903280977748e-05,3.5632951129465543e-07,1.425518497455978e-11,5.468565167887379e-12
204,0.0,0.0,0.053588401306437154,0.0,0.9010310029295108,5.971813793065131e-17,0.0,0.017057430541694178,0.00011499587951588721,0.0,0.0,0.0013301357695056756,0.0,1.553734086727222e-09,0.0,0.0,0.0,0.00171985206366235,0.025106819343256127,5.136061268381233e-05
205,6.990757143817676e-07,0.005949438730726561,0.04128500065670825,0.014100239488465737,7.649112422558732e-10,6.929645151034875e-17,0.19629807495528034,2.3070847411459578e-08,0.4761869035283732,0.017121947101674844,0.00029104417982428715,5.892874048123008e-05,0.0001313159947162476,0.24558948850273707,1.0163204401262558e-07,0.0,0.0009281961101777716,0.0020459887809337303,7.34108475327825e-09,1.2601345298629288e-05
206,0.0,0.00028233284214124443,0.10522978221599447,0.8582414705588808,0.0,0.0,0.0,0.0,2.58400614328669e-08,9.183367856180623e-08,0.0,0.0,0.0,0.0,0.0,6.003439953766165e-05,2.577821535609797e-11,0.0,0.036186262283906624,2.0904118959299455e-14
207,0.0022154649353937576,0.0,7.580183185342342e-07,0.0022276779035575863,0.0,0.00884786371023708,0.18553782747828867,0.019930167492771732,0.0,0.08906418371131211,0.006702183164448495,0.0,6.427426686765136e-05,0.6738451822709697,0.0,0.011233987094566467,0.00010242175043447673,0.0002280082002089839,0.0,2.624689189957867e-12
208,0.0,0.035753237111178705,0.5556496092144465,0.0,0.025763792321974004,0.0,0.029465758075885005,0.0,0.0,0.0,0.0,0.0,0.0,0.0,2.4413813171657053e-08,1.5117216006769426e-07,0.001439938347960161,0.0,0.3519274893425824,0.0
209,0.9856643415750868,7.665244301061999e-09,0.0,0.0,0.0,0.0,0.0,0.0,0.0,0.0,0.0,0.0,0.0002767637101115959,0.0,0.0,0.0,0.0,0.0008023680533107713,0.0,0.013256518996246542
210,0.034730774415315066,0.6386160015420617,0.0,0.0,0.0,0.07645490963125512,0.0,1.5878102284116457e-07,0.025242768805722057,0.06158668036453594,6.547429652415464e-05,0.0,0.0,0.0,0.0,0.15232219991868598,9.333499603965163e-06,0.01097169874527315,0.0,0.0
211,4.1882854875925696e-08,0.0,0.0,5.7520491608373655e-09,0.0,0.0007705633952840646,0.03000364909821235,0.16291509566746074,9.188108831977387e-05,2.1324012227718554e-05,0.007231610413947154,0.11003705880083096,0.0018653629689546133,0.00016256096726567008,0.017137293653318737,0.002179569592333685,6.301986059880172e-08,0.0,0.6675839196870801,0.0
212,0.0022511838958441145,4.8857832814216756e-06,0.0015826459243291672,0.011035311335649679,0.004324725577224768,3.7982399572971044e-08,0.0009478273954699534,0.0,7.540692604585945e-17,0.9516601862844085,0.0,0.00012887429177855,0.00012166068570677994,0.0,0.02516991266095744,4.881537317801146e-06,0.0,0.002767862970892687,3.674739476932821e-09,0.0
213,0.0,0.0,0.0,0.0,0.007048165858290286,0.0,0.0,0.0,0.0,0.0,0.0,0.0,0.9929518341417096,0.0,0.0,0.0,0.0,0.0,0.0,0.0
214,0.0,0.0,0.0,0.0,0.0,0.0,0.0,0.0,0.0,0.0,0.2992044810788034,7.436706622168429e-05,0.0,2.315582033382008e-06,0.0,0.19502473066575093,0.0,0.4372190168552604,0.06261537232713969,0.0058597164247905925
215,0.00013751275928154945,0.03973022188255562,0.0,0.08208622076568203,0.0,0.005733246058277252,0.770755606580001,0.0,0.00010719344282411794,8.244819693229375e-16,0.0,0.0028058580960676335,0.0,0.0625065258376964,0.0,0.03456187069218088,0.0015543713836876937,0.0,0.0,2.137250174517537e-05
216,0.0,0.0,0.0,0.0,0.0,0.0,0.0,0.0,0.0,0.0,0.8365411546491381,0.0,0.0,0.0,0.00012203250752091107,0.05104017542529178,0.11206624616106237,0.0,0.0,0.00023039125698677738
217,0.9999879218750612,0.0,0.0,0.0,0.0,0.0,0.0,0.0,0.0,0.0,0.0,1.2078124938844977e-05,0.0,0.0,0.0,0.0,0.0,0.0,0.0,0.0
218,0.0,0.0002618287653940881,0.0003123783491564264,0.0,0.0,0.0,0.011944728845478524,0.0,0.7246915237587503,0.0,0.0,0.0,0.26103925615783885,0.0,0.0006155578656300085,0.0011347262577517173,0.0,0.0,0.0,0.0
219,0.0,0.0,0.0,0.0,0.0,0.9514390707697635,0.0,0.0,0.0,0.0,0.0,0.04856092923018544,0.0,0.0,0.0,0.0,0.0,0.0,0.0,5.099970250356492e-14
220,0.0,0.6619766135136154,0.12839193020165998,0.0,0.04207793162502323,9.597849012974218e-09,4.2613484910733213e-07,0.0,0.10379831925616294,0.00038818786137006063,1.5025510297785598e-15,0.022327814459136765,0.0,0.0,0.0,0.0,0.0,0.0,1.1496515844924237e-19,0.04103876735033212
221,0.5837272023038036,0.0,6.026679806143011e-06,0.07614159132529676,1.0067001162510284e-12,0.0018984444515688188,2.172748201893629e-08,9.155840908733696e-06,0.13461185103022622,8.858935287589271e-12,0.0030550392089103663,0.0017751453786157838,2.9446092656472896e-06,0.00032434839923773154,0.0,7.976405885886826e-07,0.00011748314388742412,7.022029108606525e-05,0.19825972795945038,0.0
222,0.016934389116641267,0.0,0.0,0.0,0.0,1.5824758746615853e-06,0.0,0.005559027954020278,0.4927272376500118,0.1447623867012604,0.0007548154491772527,0.0,0.14906231193520325,0.0,0.0,0.18663449694491774,0.0,0.0,0.0,0.0035637517728933847
223,0.0,0.08893762350157514,2.5123261263204587e-19,0.07259466202809205,2.344383144560712e-08,0.0,0.0,0.0,0.0,0.0,0.00548143964583768,0.0,0.0,0.0,0.0,0.0,0.0,0.0,0.8329862513806637,0.0
224,2.6152632601247352e-06,0.0,0.0,0.0,2.3908469473855213e-05,0.0007102048202346828,5.773701138499885e-13,0.0,8.902527285819136e-07,0.0005137405997836921,0.0,0.01377517609471133,0.0,0.0,0.0,8.63839248573074e-05,5.8172154469095974e-11,0.0679916196760174,0.4979422456606667,0.4189532151795168
225,2.5635864482464394e-06,0.0013188139296643948,0.19663293470749213,0.001031558693203317,0.018565740760087737,0.0,0.010494836816439954,0.003946092991280839,0.0,0.0009560839070047599,2.2681654482052733e-08,0.004135492695428354,0.0,0.0,0.0,0.4300306854175753,0.0,0.28688441554914523,2.733290034805249e-16,0.046000758264575094
226,0.0,7.005957963742183e-05,0.0,0.0,0.07146582518191429,1.6141488036231764e-07,0.006061272188819991,0.0,0.0,0.008916749467747473,0.8411340279626447,0.0,0.0,1.0442551196853892e-17,5.23077113676753e-06,0.07213420775820298,0.0,0.0,0.0002114646838151407,1.0009912008499417e-06
227,0.0,0.0,0.0,0.04469308202097092,0.0,5.086807244954217e-07,0.0033142139498437174,0.0,0.0,1.9705936106677243e-07,2.258509853015825e-05,0.0,0.3902517982963252,0.5613509536022177,3.3671882817540476e-05,4.959432203639481e-13,0.00033298940871330995,0.0,0.0,0.0
228,0.0,6.492562489923719e-07,0.0,5.09463992311831e-07,0.0,0.0,0.0,0.9058929489743985,0.0,1.2772938477376085e-05,0.0940931193666553,0.0,0.0,2.2729108178773624e-13,0.0,0.0,0.0,0.0,0.0,0.0
229,0.0,0.0,3.043160815757298e-23,0.0,0.0,0.9384466372685709,0.0,0.0,0.0,0.0,0.0,0.057895915968705185,0.0,0.0,0.0,0.0,0.0,0.0,0.0036574467627239747,0.0
230,0.0,0.0,2.110839328680495e-06,0.0,0.0,0.00014404034566832378,0.0,0.0,0.0,0.0,0.0,0.9353402366461447,9.36790277364159e-09,0.06451360229849211,0.0,0.0,5.024634523673221e-10,0.0,0.0,0.0
231,0.0,1.8726617504275e-08,1.063853011053785e-06,2.016393569844458e-10,0.030153270263553567,0.0,0.7658768445039794,0.0,0.0,0.0,0.0,0.0,0.0,4.571081071057438e-12,0.0,0.0,0.20396552495752449,0.0,0.0,3.2774891035127242e-06
232,0.0,0.0,0.0,0.0,0.5539078094330813,0.0,0.0,5.8990694393795595e-06,0.0,0.0,0.0,0.0,0.44607057904088476,2.9129818650705865e-07,0.0,0.0,0.0,0.0,1.5421158407919588e-05,0.0
233,0.0,0.0,0.0,0.0,0.0,0.969576748928106,8.40603987833057e-05,4.991855187863617e-06,0.0,0.030334198817922892,0.0,0.0,0.0,0.0,0.0,0.0,0.0,0.0,0.0,0.0
234,0.0,6.294352444575718e-09,0.0,0.0,0.0,1.5391574215302809e-12,0.0015944407423195714,0.6411524629951132,1.1406046216293053e-05,0.0,0.0,0.0,0.0,0.0,0.0,0.35724168392012,0.0,0.0,3.3939463283245723e-13,0.0
235,0.0,0.0,1.2533093092480146e-05,0.0,0.005228951788447101,0.0,2.584224857946632e-05,0.12679589220678145,0.3850871601629746,1.0108415806314533e-09,0.007173333046190377,2.3774221227678987e-25,0.2301299258702432,0.0,5.375836994011744e-07,0.0,7.236979339083159e-05,0.20089423608812887,0.044579217102044835,5.585829311050687e-12
236,0.0,0.19969344628125263,0.0,0.0,0.0,0.0,0.0,0.0,0.0,0.0,0.0916659752453412,0.0,0.0,1.0326685754975268e-05,0.0,2.572566470697698e-09,0.0,0.7086302446515512,4.563533419326385e-09,0.0
237,0.0,0.12386486903493611,0.0,0.0,0.2899531669656859,0.0,0.0,0.031380335912863065,0.0,4.690057524193231e-08,0.0,0.0,0.0,0.0013486750048818602,0.5483878641862949,0.0,0.0,0.0,0.005065041994762841,0.0
238,0.006357419578119348,2.6174676701659547e-06,0.012721930060078818,0.0002279803549848161,3.112125888478425e-21,0.30570921518074473,1.5419882817588428e-08,0.0,1.2530164935600362e-07,1.1183725681937591e-09,0.000942307358906775,1.959728141291157e-13,0.009720682720017143,0.0,0.04009869411911457,0.029849348065016663,6.338595333002891e-10,0.5917984998020678,2.7769596967556805e-10,0.0025711625416230117
239,7.3963449724862395e-09,0.0007293850064911968,0.0,0.0,9.025316433096612e-07,0.0006225376376506618,0.006767812858527539,0.047426818282503384,0.00580682843628002,0.0,2.4550258201961087e-05,0.0,8.651161558706827e-08,0.0,0.4945281510518967,0.0052172735350219076,0.33122485324068207,9.857466607119009e-06,0.0,0.10764093578653346
240,0.0,0.0,0.0,0.005108033873185509,0.0,0.0,0.0,0.0,0.0,0.12318341683814914,0.0,0.0,0.0,0.0,0.0,0.0,5.60783132413233e-08,0.0,0.8717084932103522,0.0
241,0.01046632481130287,0.0,2.1900848412315093e-05,0.2918643966953766,6.840630423930729e-05,0.022801637185420956,3.241949744891499e-05,0.2627096579416658,0.0,0.0,0.01747265515869899,0.0,0.0,0.16788952316345868,0.0,0.004623313848888369,0.038858778253114686,0.0,0.18319078685143347,1.9944053910112415e-07
242,1.1087208043784307e-05,0.0007075269336483602,9.095552510498545e-05,0.01563188210833587,0.6513324340837062,0.0,0.18639216780189258,0.0,9.951264310343284e-12,4.574860178965098e-11,4.600033127495126e-06,0.0,0.0005627041482113735,0.014015248223137202,9.148451453388697e-09,0.0,0.09802495750975872,4.891102258207139e-07,0.033225938110654905,1.4310551071915853e-15
243,0.09187778126938598,3.222260062629066e-07,0.0,0.0,0.008019885282602026,0.07579922933264284,0.032831920530028785,0.002665547193755925,0.003051733288915061,0.5138376460415857,0.0,0.0,0.0,0.0,0.0,0.2655238424111994,0.0,3.694924328208788e-19,0.006366783957303756,2.5308466574252424e-05
244,0.0,0.0,0.0,5.935930960958835e-11,0.0,0.0,0.8649644624229172,0.0,0.0,0.0,0.00020487156257291485,0.0,0.0,0.0,0.027426422101819437,0.0,0.0,0.10028812383698218,0.007116120016348912,0.0
245,0.0,2.216382208206715e-18,8.640361856561763e-11,0.0,0.0,5.788319451159103e-07,0.3248063149332962,0.0,0.0,0.0,0.0,0.27603256434142076,0.0,0.010416615053402129,4.564861451154881e-09,0.30667784663811637,0.0,0.0,0.07952157538621446,0.002544500164339827
246,0.0021682104538474603,1.094242700539907e-12,2.4819277721900675e-12,0.06603270342717867,0.0018984006189308824,0.0004271402887926039,0.6151173161782684,3.310599518367253e-09,3.1460956732291644e-05,8.41514760948195e-25,0.00021069814974831154,0.17474014635064106,0.0,7.152559303206139e-10,8.82943939908941e-08,0.000672585375953528,0.11314170796034446,0.003848629939132057,0.0019643032949110215,0.019746604681693446
247,0.00024182518417185638,0.053341226885766625,0.0,0.0,0.020395187277672904,0.0,0.02487698768344976,0.0,5.400663517325791e-07,0.0,0.0,4.649457892434831e-09,0.0,3.1446032530819345e-07,0.0,6.60502010147226e-06,0.0,0.8909436309689996,0.01019366749908401,1.0304618863560277e-08
248,0.0,0.0,0.0,0.0,0.5863953491766404,0.329337600713318,0.0,0.0,0.0,0.0,0.0,0.08382961838665118,0.0,0.0,0.00043743172339034503,0.0,0.0,0.0,0.0,0.0
249,0.0,1.5145495253151107e-16,8.755791521675395e-09,0.45333789176744066,0.44156273349688485,0.0,0.0,0.0,0.0,0.0,0.0,0.0,0.0,0.10509936597988277,0.0,0.0,0.0,0.0,0.0,0.0
250,0.0,3.187128908490373e-05,1.4544464796155907e-08,0.0,2.9452366203873467e-09,0.0,4.918615546999248e-13,0.0010380114682728252,8.996326117028122e-07,0.0,7.161227575526433e-12,0.1112902350032028,1.2225339235650423e-08,0.8855700479472711,0.002048525070980069,1.0930725646277444e-14,0.0,0.0,0.0,2.0379865872029352e-05
251,1.8389837586763973e-11,0.0,0.0,0.0,0.0,2.111247487168984e-20,0.0,0.9682427385132123,0.0,0.01259320129388194,0.0,0.0,0.0,0.0,0.006800100200050056,0.0002863981331325153,0.0,0.0,0.012077561841333217,0.0
252,0.4602046447653675,0.016161928288757225,0.02308570860467908,0.0,0.0,3.021046224181012e-07,0.0,1.244279633162943e-12,0.36060428092005187,0.050781129863559094,0.00010716041601687423,3.7821050874182744e-11,0.00023555603378240875,7.109030397321022e-05,0.0,0.0,0.0,0.0,0.08715417806956767,0.0015940205905572514
253,0.05018383894444226,0.00015281426170462583,0.0,8.122769502898807e-07,0.0006962316534716405,0.0,0.014081804868054663,0.0,5.456233706347439e-06,0.0,0.0,0.0002696647481314507,0.9305566110667103,0.0,4.4250481815287054e-05,0.0,4.688812725858161e-05,0.0,0.003961627337754508,0.0
254,0.0,0.0,0.0,1.2642988849204133e-05,0.6928905051169489,1.0143097260343301e-15,0.0,0.0,0.0,0.0,2.2059909724150157e-05,0.0,0.0,0.008149564077399264,0.0,0.0,0.2989252279070773,0.0,0.0,0.0
255,5.0483765288554875e-15,1.747062813854642e-05,0.3819610866577609,0.05038587444059615,0.005026535228951033,0.0442197932264595,0.0012052150576822849,0.011492843064788386,0.002165702646707059,0.00090321337268748,0.0,1.1513333654293718e-15,1.7109024265589055e-09,0.02484204706616479,0.0,0.00015483387461206279,0.46579443536769655,2.208124617161777e-06,0.01182873548726875,4.044960703742498e-09
256,0.9708607702059457,5.347668830216775e-13,0.0,0.0,0.0,5.129458879841637e-09,0.0,0.0,0.0,0.0,0.008172308834411814,0.006728375606680197,0.0,7.2304700145908185e-06,0.00997639706597389,0.0,0.004254912686980186,0.0,0.0,0.0
257,0.0,1.0725054281825818e-05,0.002514033718091735,0.21024931695349575,5.1873872024054016e-05,0.0,0.0,0.0,0.0,0.005487612769279338,0.0,0.0,0.0,0.0,0.0,0.0,3.170040831259247e-08,0.0,0.7816864059215723,1.0846559402997158e-11
258,0.03752910638671983,0.0,3.8876164117070906e-10,0.0,4.383543651573051e-05,0.0,0.4616176536475358,0.0,0.013846277150532875,0.14762504799465118,0.0,0.0009116669409198404,0.0005179239177988634,0.0,0.0023386172702703637,0.3263851171906662,0.0,0.009184753675627764,0.0,0.0
259,0.021255991488381226,0.0,3.98003409376916e-06,8.717873135006469e-20,0.11687198057913069,0.0,0.0008857824347227718,0.014329905760084102,0.0,0.0,7.891624857220311e-09,0.0,0.00046492635559265905,1.293586031032121e-06,0.0019347625153972876,0.7655534174585801,0.0,7.31749942369424e-12,0.0786979518890439,0.0
260,0.008192814520565002,0.0,0.0,0.0,0.4151402887388062,0.0,0.0,0.0,0.0,0.0,0.0,0.0,0.12401582568172864,0.0,0.0,0.25138799828599423,0.0,0.20126307277290595,0.0,0.0
261,0.0,0.9999260615141844,0.0,0.0,7.393848581558158e-05,0.0,0.0,0.0,0.0,0.0,0.0,0.0,0.0,0.0,0.0,0.0,0.0,0.0,0.0,0.0
262,0.004174696839837466,0.4954745185939151,6.343849669907982e-08,0.24975379637065945,0.0,0.0,6.460374172079764e-18,0.00017262265188510974,0.0,0.01583247688785417,0.0,0.0,0.0,4.827485258086208e-11,3.2297752880111156e-07,0.0,0.1907479907687813,0.0,0.04356690107382555,0.0002766103489414387
263,0.0,0.02150533621486375,0.21185205498388787,0.03244018197960849,1.3684894787918664e-09,3.457937294516084e-06,0.2687589729601587,9.28611732000496e-06,1.3300504265267185e-29,0.05998606715472437,2.9146660302660183e-14,1.9107673499759745e-05,4.949395423698877e-07,7.093394618261238e-06,0.0036361685103565213,5.4921261509705e-10,0.0030545112979941187,4.015287695180732e-06,0.39777694623116494,0.0009463033995397729
264,0.0,0.0,0.0,0.0,0.0,0.0,0.0,1.5682323710804396e-07,1.4763138640853095e-09,0.0,0.3282608197060417,0.6716373564401458,0.0,0.00010166555426131773,0.0,0.0,0.0,0.0,0.0,0.0
265,0.0031080725799618224,0.002508359480093515,0.0019802941801549557,0.0,2.5652819368155737e-17,0.0,0.3851947637089972,0.003673054336048191,0.00023177037699504487,0.0,3.7999751941027525e-08,1.827625015173959e-07,0.07727058382598095,8.558694392072907e-17,0.13941438681046392,0.0,0.0037080635124587574,0.06838765661096195,0.0,0.31452277381562993
266,0.00026428491221384737,4.4487536108514884e-07,0.0005394953902611551,4.349474323824708e-06,0.30242174036887914,3.1050840514408315e-10,0.0,2.0524971391656487e-09,0.0027447995072653504,0.6927562840507248,0.0,0.00019696477178031893,0.000458837638716738,0.0006127777468177599,2.9036162707728126e-09,1.5997034042153874e-08,0.0,0.0,0.0,0.0
267,6.173155363997812e-05,1.870067596274878e-09,1.1009569153255178e-07,0.06539692247513194,0.0,3.466561895532891e-05,0.0,0.3296470861020961,0.000489455807686966,0.09210793266975748,2.7874102003561087e-06,3.2914547598132346e-15,0.003278982540419485,0.08076293278096251,5.740176589206904e-06,1.121842882509399e-10,0.003427681307888638,0.09936618770990055,0.3253705589435358,4.722282528903306e-05
268,0.0,0.0,5.031046655971164e-07,0.7157050176883127,8.08524662499593e-09,0.09149514993963366,0.0,1.5609222000007318e-13,0.0,0.18425143852669426,0.0,0.00015162665035759612,1.7869501786385052e-13,0.0,0.008386808811122427,0.0,0.0,9.44719361955973e-06,1.2590242779878741e-14,0.0
269,0.0,0.0,0.0,0.0,0.0,0.0,0.0,0.0,0.0,0.0,0.9997549750847159,0.0,0.0,0.0,0.00023812155650538685,0.0,0.0,0.0,6.903358778792707e-06,0.0
270,0.0,0.0,0.0,0.0,0.0,0.0,0.0,0.0,0.0,0.0,0.004496182396848102,0.0,0.0,0.00023855356987223942,0.9952652640332795,0.0,0.0,0.0,0.0,0.0
271,0.00227754766733631,5.0993511656022365e-05,0.0009021945357391036,0.0,0.0,0.0,0.0,0.0,0.04409860195386698,0.11981484052098462,0.0,0.0004986776918260902,0.0002349724732551702,0.045744568762382296,0.6691159510362821,0.1162216730660774,0.0010060773977892522,3.490945248142649e-07,3.355228827990189e-05,0.0
272,0.0,0.0,0.0,0.0,0.0,0.0,0.0,0.0,0.0,0.0,0.0,0.0,0.0,0.0,0.9889828668910913,0.0,0.01101713310890862,0.0,0.0,0.0
273,0.0008586476748508838,1.2121374573131341e-06,0.0,0.0,0.006051600687616131,0.0,0.27057848516536553,0.0,0.0,0.046108926565861214,0.6192681412906045,0.04038433915081237,0.0,0.0,0.0,0.006872733367569736,0.00011246859071826605,0.008873826907699995,0.0008896184614440699,0.0
274,0.0,2.02971418035423e-06,0.0,6.37896767415736e-05,0.00864684873248447,0.26831747492672475,0.0014253488185485771,0.022669222609660557,0.0,0.0,0.0,0.0006126432041612619,0.4407043794493468,0.031098974580789026,0.0,0.0,0.22378562254642032,0.002673665740942354,0.0,0.0
275,3.316498507344534e-05,1.6209317890616653e-06,0.0003659317368198766,0.002498817701777771,2.095296901563452e-05,0.004983072232562928,0.07584960419757499,0.00020304764136469525,7.2139559897574205e-06,0.0261207146143313,1.6710188745158924e-08,0.7536763294520356,0.0008969163518159957,3.293789286805737e-11,0.13155381400609906,0.0,0.0,1.9374811645208554e-07,0.003788588732506906,0.0
276,0.0,0.0,0.0,0.0,0.0,0.0,8.703066821570705e-06,0.0,0.99970103405038,0.0,0.0,0.0,0.0,2.351481814435213e-05,0.0002667480646540031,0.0,0.0,0.0,0.0,0.0
277,0.4243448461177284,0.0,0.010013157617969698,0.20089736317368023,1.8883323606246253e-05,0.0,0.0,5.865087550229112e-07,0.067587735572003,5.616516891300242e-17,0.0,0.2515195781041722,0.025334834257383847,0.0,3.934907648161407e-09,0.00010697949942804844,0.0,0.0,0.02017382628970298,2.205600662704483e-06
278,0.0,0.0,0.0008719546195030132,0.0,0.0,0.0,0.0,0.0,0.3921959478698112,0.0,0.0,0.07825554641222016,0.0,0.0,0.0,0.0,0.0,0.0,0.0,0.5286765510984656
279,0.26640433218636717,2.3367375168337476e-12,0.0,0.6789047654508513,0.0,0.04784980175419451,0.0,1.0787775577063597e-08,1.7683970661575104e-05,0.003580542479425019,0.000738682018778828,0.0,0.0,0.0,0.0,0.0022182793190281816,0.0,0.00028585023009081335,5.1800490303843217e-08,0.0
280,0.6537550303155502,0.023198945343760255,0.0,0.0,0.0,0.0972566274014414,2.1315644164411754e-07,0.0008513541976738912,0.0,0.0,0.0,0.0005560030664280498,0.09079962910310485,0.10246842192024916,0.03079387921798361,0.0,0.0,0.00031989625615530163,7.648807120598528e-12,1.3562860484503803e-11
281,0.004565010356768801,0.0,0.0003630694322751016,2.726184720370448e-25,0.02348584567819052,0.16625964784115332,0.006727466676891352,0.4152832644255092,1.2207129244547073e-05,2.467257773062786e-05,4.1936965375399663e-10,0.0,0.0,8.393314770420536e-06,3.949652961915314e-11,5.298911990357644e-08,5.180564755338985e-07,0.13028577843683317,0.0,0.25298407262617134
282,0.0,0.0,0.0,0.0,0.0,0.0,0.0,0.0,0.007346339384572291,0.0,0.0,0.0,0.0,0.0,0.9926536606154276,0.0,0.0,0.0,0.0,0.0
283,0.0,0.0,0.003495385141164518,0.0,0.0,0.0,0.6852587402058258,1.5034260040002833e-17,0.0,0.0,0.019358281136678087,0.0,0.0,0.0,0.04719325874689917,0.0,0.0,0.14565411181664142,0.09904022295279091,0.0
284,0.08568209312289737,0.0,5.305645945461695e-13,0.0,0.0,0.9142240934366188,0.0,9.381343995328209e-05,0.0,0.0,0.0,0.0,0.0,0.0,0.0,0.0,0.0,0.0,0.0,0.0
285,0.0,0.0,0.0,0.9999375541109226,0.0,0.0,0.0,0.0,0.0,0.0,0.0,0.0,0.0,0.0,6.244588907741298e-05,0.0,0.0,0.0,0.0,0.0
286,0.0,3.4449424945446297e-07,0.0,0.0,0.0,1.0935067346158498e-07,1.654728506813777e-06,0.05744147145452588,0.13891345575989883,4.932115798548468e-10,0.003536973893258407,3.983217359207838e-05,3.9458452337293147e-42,0.5784785954303663,0.012087580399551958,0.0,3.962955212028412e-20,0.1851754339482669,0.0,0.0243245478738984
287,0.0,0.0,0.0,0.02146571962187394,0.0,0.0,0.0,0.0,0.0,0.0,0.0,0.0,0.0,0.978534280378126,0.0,0.0,0.0,0.0,0.0,0.0
288,1.2885967147412358e-06,1.5216678405752019e-05,8.994284663436347e-05,7.824646225331394e-05,0.0016937426931331932,0.24545303575532088,0.011656242336961874,0.0,9.082730298898162e-07,0.0,0.1697068832964504,0.0,0.006851611631721365,0.0001933761350512875,0.13955026995817887,0.0,0.0002458888867853827,4.790863394552483e-12,0.4244633464445679,0.0
289,0.011142409004112574,0.3103473930594744,0.0,0.0,3.5573511950745564e-16,0.0,2.1485833285666512e-10,5.713960235536683e-10,0.6664243916972332,1.6160644329100795e-22,0.0009275997470961893,0.007896013643119764,5.315746747549127e-13,1.2826014004768997e-20,0.0,2.5870997291335466e-09,3.128370738502586e-10,0.003262189162199621,4.1183090289776385e-14,0.0
290,0.00023020923688710313,0.00012845347827428316,3.897891374839962e-05,2.4767576645672e-16,0.0,0.0075449514076948694,1.4269381351697115e-05,0.07533462313279882,0.3327320515180686,5.668196874973479e-35,0.04502417269899944,0.0,0.0,0.0009918420058823774,0.04686638648014647,0.0,0.01766673377346566,0.47339220607244514,0.0,3.512190023669799e-05
291,0.05209152543676865,0.0,0.0,0.0,0.0,0.0,0.9171705650187731,0.0,0.0,0.0,0.0,4.150775752859361e-09,0.0,1.264529120973902e-05,0.012353060043190082,0.0,0.0,0.01837220005928247,0.0,0.0
292,0.002367474544162423,0.0,8.096505437026179e-08,2.1327541905021085e-05,0.0,0.7556199936655612,0.0,0.0,0.0,0.04008208249284545,0.20190880097549999,9.764644761140762e-11,9.149111159585965e-13,2.396838251959614e-07,9.094514630386569e-15,0.0,2.919843471007404e-11,3.973308177973e-14,3.337742541840702e-12,3.4158507511151675e-20
293,0.0019006858372620035,5.967862682084394e-07,0.32489561186143745,0.1890056138396879,6.231300344691895e-15,0.0,6.319628539407762e-07,0.0,1.981922293601704e-05,0.0023260589870178214,0.0,6.833012840808384e-11,0.12368964762098564,3.2562072080627996e-15,0.3094543175488446,8.343922282201789e-05,0.0309682616921089,0.017578733153949592,7.658219548632383e-05,0.0
294,0.027011770668740255,7.226607774937174e-05,1.3480736989245383e-05,0.00010123060272581445,0.0038218170417487632,8.825803814350643e-07,0.007724032169857109,4.376002590340431e-05,0.0,7.736635812747446e-08,0.0002863555190639174,0.45156864219359094,0.08338350998126841,0.07638246141135722,0.015668359546721286,0.026837375191538632,0.013707818782410529,0.0019406703779469147,3.725356671575118e-05,0.2913982361589331
295,0.0,0.0,0.0,0.00015053621080703936,0.0,0.0,0.00030796431380765925,1.8632148964089702e-13,0.9934945291953283,0.0,0.0,0.004416765901185546,0.0,0.0,0.0,0.0016302043454719923,0.0,0.0,0.0,3.321314964250153e-11
296,0.9993492707364388,0.0,0.0,0.0,0.0,0.0,0.0,0.0,0.0006507292635612712,0.0,0.0,0.0,0.0,0.0,0.0,0.0,0.0,0.0,0.0,0.0
297,1.3429019147693238e-10,0.0690863978698073,0.00023427109114345084,4.0758276173911436e-05,0.0068036737414108196,0.11069480148507627,0.0,0.0,0.15480961694275777,0.00022889581944423996,0.28041787167826054,0.0006803282008418096,0.03500019309076475,0.00010765403858662716,0.0,0.02323879339326917,0.31862740092173275,3.7896600293204055e-07,5.236780541417438e-15,2.8964350432152503e-05
298,0.0,0.0,0.07539701777325748,3.175667788297101e-11,0.0,0.9222957709096749,0.0,0.0,0.0023017204224797306,0.0,5.490862831184151e-06,0.0,0.0,0.0,0.0,0.0,0.0,0.0,0.0,0.0
299,0.0,0.0,0.0,0.0,0.0,0.7800966192024154,0.0,0.0,0.0,0.0,0.0,0.21892538098545,0.0,0.0,0.0,6.276781460415954e-05,0.0,0.0009152319975304234,0.0,0.0
